frame,1-1:1,1-2:2,2-1:3,2-3:4,3-2:5,3-3:6,3-4:7,4-2:8,4-4:9,4-5:10,5-3:11,5-4:12,5-6:13,6-4:14,6-5:15,6-6:16,7-5:17,7-7:18,8-6:19,8-7:20,timestamp
897.0,0.5817036,0.76913714,0.6109653,0.5946809,0.016093485,0.32340768,0.14591329,0.08830814,0.025755564,0.052937914,0.31177235,0.61030114,0.19883676,0.14628898,0.01320556,0.23807734,0.16175754,0.110291086,0.10815927,0.7127135,11421.142808952924
898.0,0.57550234,0.7633255,0.6061531,0.5922828,0.013115135,0.32166407,0.1450108,0.0906201,0.02744857,0.054527532,0.31129682,0.6089059,0.19833688,0.14616464,0.013582198,0.23749211,0.16251148,0.11077005,0.108433016,0.71445966,11421.270808772073
899.0,0.57524556,0.76108205,0.606802,0.59187055,0.011890856,0.3207901,0.14445883,0.086872965,0.027199108,0.052833207,0.3104951,0.60891366,0.19795823,0.1458471,0.014690224,0.23680754,0.16085444,0.1104527,0.10834254,0.7131475,11421.398808591222
900.0,0.5744628,0.7618109,0.6071747,0.5919188,0.01384938,0.32040447,0.14453483,0.087483495,0.02557672,0.05380526,0.3108761,0.6107956,0.19846228,0.14714587,0.014042089,0.23701182,0.16097704,0.11049721,0.108960636,0.7160049,11421.526808410372
901.0,0.5764487,0.76314247,0.6111365,0.59317195,0.01278137,0.3206664,0.14528589,0.08725724,0.027287785,0.053027246,0.31166023,0.61452216,0.1992259,0.149182,0.015378139,0.23757613,0.16360281,0.11114007,0.10949464,0.71895325,11421.654808229521
902.0,0.578288,0.76578605,0.61481744,0.59485024,0.013952615,0.32135135,0.1465516,0.09164561,0.03223185,0.057871662,0.31264424,0.6177678,0.20018746,0.14966908,0.014142922,0.23828639,0.161883,0.11084905,0.110073246,0.72168124,11421.78280804867
903.0,0.58058476,0.7721658,0.6178212,0.5960925,0.013247533,0.32228178,0.14691295,0.090609856,0.027955934,0.0547309,0.31379026,0.6214387,0.20105413,0.15090472,0.016750209,0.23920304,0.16055858,0.11103302,0.11074132,0.7245663,11421.91080786782
904.0,0.5830327,0.7723803,0.6216582,0.5978408,0.015878305,0.32342398,0.1479129,0.09115717,0.025540905,0.055762205,0.31512627,0.6263456,0.20227547,0.15264568,0.015893819,0.24034941,0.16396955,0.112231076,0.11149362,0.72861683,11422.03880768697
905.0,0.5856395,0.7740166,0.6261579,0.5994816,0.0147941895,0.32424116,0.14866112,0.08766231,0.026139019,0.054120492,0.31450444,0.62595564,0.20166467,0.15093088,0.013002363,0.23924866,0.16365518,0.11144421,0.109457046,0.71384746,11422.166807506119
906.0,0.5789364,0.7693762,0.6120543,0.5942686,0.015165404,0.32190016,0.14622612,0.09170268,0.024089975,0.056178913,0.3130681,0.61874896,0.20012133,0.14907604,0.014304985,0.23772262,0.1602902,0.11008482,0.10961519,0.7145052,11422.294807325268
907.0,0.5802141,0.7717714,0.61473614,0.59516126,0.01030668,0.32179707,0.14667603,0.09017512,0.025153033,0.054986555,0.3131144,0.62008345,0.20036806,0.14943844,0.014947497,0.23784937,0.1616219,0.11103369,0.10949318,0.7139905,11422.422807144418
908.0,0.5794329,0.76707494,0.6137972,0.5946984,0.015475064,0.32155067,0.14631462,0.093001574,0.028607877,0.054853998,0.31327644,0.62039775,0.20045201,0.15030362,0.014779903,0.23787782,0.16349947,0.11118614,0.109978355,0.71634936,11422.550806963567
909.0,0.58128273,0.77089685,0.6171463,0.59658,0.017634647,0.32199484,0.14688025,0.09056042,0.02203686,0.053764656,0.31430286,0.623521,0.20141661,0.15149657,0.016840445,0.23865059,0.16185416,0.11067175,0.11067864,0.7189019,11422.678806782716
910.0,0.5836108,0.7714754,0.6213896,0.59885,0.010091882,0.32295588,0.14751606,0.09393697,0.031119674,0.060118932,0.3153601,0.6275288,0.20249374,0.15256235,0.01535019,0.23966613,0.16250335,0.11163421,0.11102677,0.7195786,11422.806806601866
911.0,0.5860506,0.77538407,0.6244109,0.600681,0.0137488395,0.3238426,0.1478471,0.088782154,0.02435745,0.053850003,0.31637934,0.6293752,0.20288558,0.15328637,0.018375808,0.2400961,0.16518499,0.11222384,0.111467466,0.7220449,11422.934806421015
912.0,0.5889591,0.7790593,0.6266545,0.6038411,0.014132492,0.32513544,0.1492849,0.08987457,0.027605515,0.05727359,0.31726402,0.6337842,0.20316738,0.15402445,0.015525911,0.24056216,0.16360751,0.111563,0.11073685,0.7138559,11423.062806240165
913.0,0.5861829,0.7798087,0.61755836,0.59989107,0.013636759,0.3236016,0.1477838,0.091265924,0.026844269,0.05524756,0.31557572,0.6260212,0.20161377,0.1516043,0.016787918,0.23825333,0.16276446,0.111278825,0.10976315,0.7091726,11423.190806059314
914.0,0.58309126,0.77259624,0.6169086,0.5992089,0.015188175,0.32307404,0.1470554,0.090232074,0.022987641,0.05683826,0.3157289,0.62685573,0.20159413,0.1516498,0.015204301,0.23823585,0.16347632,0.11188855,0.11025127,0.71052283,11423.318805878464
915.0,0.5850887,0.7750188,0.61862236,0.59945685,0.015872708,0.32301363,0.14700332,0.09049744,0.027415222,0.05507002,0.31566656,0.62712145,0.20191857,0.1513992,0.01547121,0.23825264,0.16315517,0.1118721,0.110291876,0.71135944,11423.446805697613
916.0,0.58544356,0.7727235,0.6193045,0.59961873,0.012255321,0.32337728,0.14712672,0.088321954,0.023937654,0.053710133,0.31641454,0.62943554,0.20259224,0.15250543,0.013717839,0.23924552,0.1611221,0.112083815,0.11084483,0.71609706,11423.574805516762
917.0,0.58887935,0.7733239,0.62853205,0.60038567,0.01273752,0.3245728,0.14813095,0.09444704,0.026554635,0.06032706,0.31727093,0.6345211,0.20273626,0.15364562,0.014803671,0.24086705,0.16158389,0.11374819,0.11375301,0.7453259,11423.702805335912
918.0,0.6068922,0.78208494,0.6618529,0.59080774,0.015030619,0.32917285,0.14846477,0.09388699,0.03195111,0.059215315,0.31217107,0.6479702,0.19827065,0.15109867,0.01622662,0.24374224,0.1609044,0.11329747,0.117109194,0.7630596,11423.830805155061
919.0,0.61163384,0.7843667,0.6669239,0.5911862,0.016508143,0.3281539,0.14930235,0.09260961,0.025865544,0.06022058,0.31503126,0.6444785,0.20035765,0.15067534,0.014441111,0.2396615,0.1602889,0.112636454,0.114700876,0.7358538,11423.95880497421
920.0,0.59531486,0.77544266,0.63939506,0.59445065,0.015575641,0.32370263,0.14756142,0.09265328,0.028132264,0.057366353,0.3166986,0.633431,0.20163342,0.14975274,0.012752228,0.23473278,0.16015187,0.112503886,0.11232198,0.7373604,11424.08680479336
921.0,0.59234667,0.770051,0.62997127,0.59892505,0.0141950315,0.32409668,0.14761078,0.08996844,0.029229734,0.055606145,0.31724456,0.63399464,0.20253514,0.15136759,0.014281161,0.2353481,0.15900503,0.11380447,0.1111961,0.724895,11424.21480461251
922.0,0.5917807,0.7719548,0.625451,0.5983412,0.015009866,0.324311,0.14770727,0.08875668,0.025610816,0.05567757,0.31717935,0.6343542,0.20253572,0.15243956,0.014652518,0.2361129,0.1587019,0.112991594,0.111098334,0.72029674,11424.342804431659
923.0,0.5932589,0.7724808,0.62591124,0.59931797,0.014599513,0.3249566,0.14847167,0.08727337,0.029001428,0.05298286,0.31806877,0.6381735,0.2035534,0.1536496,0.014057763,0.23788477,0.16147645,0.11381967,0.111369476,0.7222034,11424.470804250808
924.0,0.59620565,0.77727616,0.62983817,0.6011414,0.01544317,0.32623366,0.1487952,0.089834146,0.023895914,0.053662043,0.31924587,0.64181685,0.20444337,0.15497161,0.012581838,0.23954313,0.16097005,0.11411376,0.11199468,0.7236848,11424.598804069958
925.0,0.6000549,0.7799357,0.63482106,0.6031675,0.01201927,0.32738265,0.14979567,0.09258797,0.02297809,0.054635562,0.3202649,0.64679354,0.20519185,0.15680024,0.01624168,0.24059692,0.1595009,0.11323689,0.111071825,0.71562463,11424.726803889107
926.0,0.5978654,0.7808637,0.62470084,0.59909374,0.013733306,0.32613966,0.14835408,0.092101164,0.031678464,0.056611717,0.31802383,0.6387892,0.2027992,0.15334216,0.014648097,0.23828854,0.16304208,0.11383407,0.109555826,0.7075783,11424.854803708256
927.0,0.5950873,0.77186435,0.6216769,0.5982765,0.015408845,0.32583672,0.14893192,0.088775404,0.027256034,0.05400518,0.31835276,0.6401314,0.20309834,0.15441595,0.016411083,0.23897289,0.16015728,0.11370748,0.11021878,0.71044797,11424.982803527406
928.0,0.5971625,0.7774579,0.6248796,0.59893996,0.013747269,0.32608962,0.14847776,0.09005188,0.025305405,0.054621633,0.3182556,0.64004916,0.20303677,0.15447684,0.01603298,0.23903397,0.16110002,0.11329093,0.1100789,0.70820796,11425.110803346555
929.0,0.5982408,0.7770451,0.62482333,0.5997208,0.011714151,0.32670587,0.1486079,0.08751311,0.024421819,0.053291593,0.3192693,0.6436261,0.20390207,0.15524796,0.016541392,0.24008642,0.15912628,0.11395231,0.11060136,0.711375,11425.238803165705
930.0,0.60122,0.7778409,0.62911224,0.6015417,0.01654329,0.32777417,0.14955404,0.08778553,0.023525594,0.053419884,0.32031772,0.6466965,0.20472434,0.15631218,0.01457318,0.2411555,0.16402766,0.11502449,0.11139787,0.715508,11425.366802984854
931.0,0.60430896,0.7816516,0.6330811,0.60342234,0.015854627,0.32942447,0.1506918,0.08963403,0.02726923,0.05674459,0.32166436,0.6511624,0.20606393,0.15777948,0.015870787,0.24256012,0.16146427,0.114855915,0.111193225,0.7150341,11425.494802804003
932.0,0.6057939,0.78588736,0.63028294,0.6013946,0.013850712,0.32866713,0.14997949,0.08992788,0.023134628,0.05426142,0.31966612,0.64589864,0.20380093,0.15458867,0.015365529,0.24048753,0.16265649,0.11294486,0.10951468,0.7019123,11425.622802623153
933.0,0.5996987,0.77903485,0.6240028,0.59911567,0.01251554,0.32797158,0.14920813,0.09068832,0.026607104,0.054290757,0.31983724,0.6436781,0.20385367,0.15475056,0.016037257,0.2406685,0.16193765,0.11388342,0.10968312,0.7047104,11425.750802442302
934.0,0.60267305,0.7785569,0.62768656,0.6003113,0.013179223,0.3282542,0.14936082,0.09211649,0.028183037,0.054237198,0.31980494,0.64421546,0.20351966,0.15463425,0.013117836,0.24047226,0.16245615,0.113852754,0.109768026,0.70396924,11425.878802261452
935.0,0.6030562,0.780682,0.6274345,0.6012459,0.014773725,0.3285352,0.14999576,0.092079304,0.027911643,0.056339882,0.32039964,0.6469558,0.20419249,0.1562836,0.016010713,0.24092789,0.16272055,0.11387703,0.10981747,0.7055393,11426.006802080601
936.0,0.6051054,0.78292316,0.62854624,0.60052985,0.013270983,0.32960993,0.15005302,0.09166172,0.027048767,0.0554766,0.32136288,0.65040123,0.20543125,0.15771998,0.01811988,0.2423298,0.1632752,0.11446031,0.110461235,0.7090481,11426.13480189975
937.0,0.6079097,0.78512055,0.6339306,0.60319763,0.013308602,0.33069867,0.15080586,0.089517176,0.027188739,0.05245669,0.3223813,0.6527604,0.20595329,0.15805857,0.015708214,0.24299364,0.16341755,0.11427836,0.110274985,0.7063718,11426.2628017189
938.0,0.60706776,0.7869545,0.6263985,0.600629,0.016010193,0.32936817,0.15007427,0.086986974,0.027433211,0.053501744,0.32011423,0.64531523,0.20358248,0.1553958,0.015959168,0.24055628,0.16430748,0.11328068,0.108863816,0.69826937,11426.39080153805
939.0,0.6026327,0.77778584,0.6238977,0.5997207,0.017075865,0.32879603,0.14970104,0.088607796,0.028633013,0.055439524,0.3203059,0.6457406,0.20388937,0.15569398,0.014597316,0.24089561,0.16213362,0.11420477,0.10944823,0.70143276,11426.518801357199
940.0,0.6041558,0.78023374,0.62545645,0.59994817,0.015566867,0.32884797,0.14938286,0.09013057,0.02695863,0.054296456,0.3199291,0.6456885,0.20371735,0.15589671,0.013541929,0.24085645,0.1635465,0.11416457,0.10951641,0.70190495,11426.646801176348
941.0,0.6046165,0.78103614,0.62625813,0.6003988,0.012583211,0.32899722,0.15009859,0.0894702,0.028146666,0.054419298,0.32044694,0.64772445,0.20449351,0.15624873,0.015517106,0.24146162,0.16589624,0.11443111,0.1101369,0.705336,11426.774800995498
942.0,0.6075427,0.7805508,0.6300801,0.6019,0.015832199,0.3296929,0.15062147,0.09090963,0.03200697,0.05674257,0.3213099,0.6509486,0.20514286,0.15745765,0.017287284,0.24235173,0.16362691,0.11478975,0.11080871,0.70990807,11426.902800814647
943.0,0.60890025,0.7842626,0.6335401,0.6038175,0.014699442,0.3307129,0.15159233,0.089534625,0.03105524,0.056401625,0.3212965,0.6530475,0.20525964,0.15778632,0.014375214,0.24226934,0.1626324,0.11411444,0.109423995,0.699029,11427.030800633796
944.0,0.60337025,0.7807454,0.62166023,0.5981004,0.013137496,0.32822976,0.1490381,0.08835377,0.02516295,0.055547137,0.31879106,0.642837,0.20297801,0.15480803,0.014591621,0.2399233,0.16312511,0.114237465,0.10884936,0.69807047,11427.158800452946
945.0,0.6029249,0.77715725,0.6220707,0.59774554,0.014545055,0.32766977,0.1489934,0.08818147,0.025758002,0.054131147,0.3186614,0.64375097,0.203123,0.15507117,0.016042635,0.24004415,0.16291633,0.11401088,0.109179005,0.699558,11427.286800272095
946.0,0.60288113,0.7762197,0.6224916,0.5968999,0.01493707,0.32707778,0.14929312,0.087977014,0.026981164,0.05373302,0.31817785,0.6432328,0.20294929,0.15490302,0.013381333,0.23982228,0.16330664,0.114093415,0.10947844,0.70192176,11427.414800091243
947.0,0.60336536,0.7724583,0.6245055,0.59754467,0.015458392,0.32711223,0.1496645,0.08936637,0.025098264,0.053303756,0.3185497,0.64554095,0.20355903,0.15535231,0.014347514,0.24040194,0.16303141,0.11412316,0.10997715,0.7056755,11427.542799910392
948.0,0.60487664,0.7749231,0.62763786,0.59880114,0.012938114,0.32774577,0.15007047,0.08878569,0.021251442,0.052702628,0.31937623,0.6482414,0.20421797,0.15680294,0.014381996,0.24124597,0.16058366,0.11406825,0.11067478,0.71031535,11427.670799729542
949.0,0.60712546,0.7784043,0.6314117,0.6004094,0.0147389015,0.3285156,0.15040174,0.08918437,0.023579543,0.054307573,0.3188903,0.649195,0.20425564,0.15660071,0.016347349,0.24089524,0.16121183,0.11376529,0.10908189,0.69902164,11427.798799548691
950.0,0.59998494,0.7703797,0.61876,0.59411144,0.014281259,0.32562202,0.1484294,0.08732918,0.030228922,0.05264682,0.31621343,0.64038515,0.20205474,0.1540927,0.015805172,0.23853643,0.16386661,0.114119954,0.10879083,0.7001028,11427.92679936784
951.0,0.5993355,0.76669556,0.619705,0.5936872,0.015656415,0.3250652,0.14830479,0.089685194,0.025627442,0.05263663,0.3158187,0.64056075,0.20194218,0.15399794,0.01639037,0.23849258,0.16193059,0.11336489,0.108888775,0.7009135,11428.05479918699
952.0,0.59883964,0.76628476,0.619623,0.5924778,0.014443743,0.32417762,0.14828585,0.08984884,0.02699258,0.05494979,0.3153316,0.639645,0.20186941,0.15414889,0.014242616,0.23831403,0.16230547,0.11360415,0.1090901,0.7029723,11428.18279900614
953.0,0.60004413,0.76984644,0.6219506,0.59290546,0.01246584,0.32416037,0.1483467,0.087032296,0.025592195,0.05170659,0.31559977,0.6421619,0.20235999,0.1550424,0.014956042,0.23880644,0.1598537,0.11352628,0.10961268,0.7064137,11428.310798825289
954.0,0.601666,0.7702333,0.6254995,0.59452444,0.015578461,0.32479942,0.14901431,0.09057068,0.026770202,0.054178093,0.31620708,0.6442371,0.20299104,0.15586671,0.015102441,0.2397094,0.16052315,0.11402991,0.11023614,0.7114285,11428.438798644438
955.0,0.60318017,0.7685475,0.6282128,0.59596366,0.013329645,0.32558665,0.14973195,0.08700731,0.024774453,0.052722424,0.31699547,0.64617014,0.20377868,0.15665676,0.015498886,0.24049701,0.1619097,0.114185534,0.11077394,0.71438587,11428.566798463587
956.0,0.6051208,0.7774743,0.6317913,0.59758925,0.014296701,0.32626617,0.15049271,0.0893136,0.027039347,0.0542644,0.31639576,0.6469523,0.2033409,0.15609461,0.017305732,0.23976704,0.16026016,0.11318604,0.10888068,0.70166636,11428.694798282737
957.0,0.5965522,0.7683405,0.6178658,0.58916795,0.0155747365,0.32330367,0.14797878,0.0879575,0.02645612,0.050797053,0.3137684,0.63797504,0.20119414,0.15353635,0.016209897,0.23792179,0.15941739,0.11235259,0.10862013,0.70257944,11428.822798101886
958.0,0.59686357,0.76374274,0.618563,0.5897914,0.016767489,0.32263646,0.14808841,0.08626427,0.025541425,0.051028218,0.31321758,0.63724047,0.20105302,0.15365037,0.014568287,0.23773366,0.16225763,0.112589404,0.10865956,0.70429885,11428.950797921036
959.0,0.59507453,0.7607509,0.61824614,0.5883506,0.013624555,0.32170376,0.14727859,0.08807492,0.028792959,0.05532362,0.3127373,0.636413,0.20081487,0.15356947,0.015466904,0.23752493,0.15950035,0.112854496,0.108777486,0.7063691,11429.078797740185
960.0,0.59598184,0.76367044,0.6208154,0.58951676,0.015953993,0.32178935,0.14784737,0.08721743,0.022231014,0.05179059,0.3130725,0.63731897,0.20133823,0.15394093,0.016076714,0.23808943,0.16099305,0.112634376,0.109431535,0.71072346,11429.206797559335
961.0,0.59806347,0.7625432,0.62357485,0.5907956,0.012263464,0.32241705,0.1481016,0.087405905,0.024766356,0.052392785,0.31381607,0.6406627,0.20213068,0.15489088,0.014452907,0.23886816,0.16065873,0.113410085,0.109845065,0.713859,11429.334797378484
962.0,0.59952146,0.7653886,0.62643015,0.59181255,0.015156702,0.32297543,0.14884993,0.08663823,0.026641753,0.05260277,0.31495625,0.6427747,0.20311278,0.15610822,0.014976427,0.23991689,0.16229403,0.11415891,0.110447064,0.71779996,11429.462797197633
963.0,0.6017166,0.764999,0.6284507,0.5931101,0.013654899,0.3233124,0.14855377,0.08666781,0.023480536,0.053239305,0.3135916,0.64080435,0.2019115,0.1540313,0.014682188,0.23852555,0.16151156,0.11264839,0.10839591,0.70439243,11429.590797016783
964.0,0.5926987,0.7593487,0.61631525,0.5858083,0.014269192,0.32050326,0.14747463,0.086124845,0.028801339,0.053870764,0.31159705,0.6344006,0.20034602,0.15283877,0.014952355,0.23713914,0.15877351,0.11271183,0.10834874,0.7063054,11429.718796835932
965.0,0.5928317,0.75573367,0.61749417,0.5860048,0.012600458,0.31994885,0.14703274,0.0879656,0.02935763,0.051649313,0.3111531,0.63376725,0.20023088,0.15250413,0.012343086,0.23697492,0.15980804,0.112059705,0.108269975,0.7068803,11429.846796655082
966.0,0.591327,0.7510525,0.6166112,0.58496463,0.013178871,0.3192851,0.14670765,0.08614191,0.027149662,0.051910877,0.31104234,0.63401866,0.20013668,0.15291294,0.015138151,0.23688221,0.1592399,0.112334184,0.1086968,0.710152,11429.974796474231
967.0,0.5926952,0.756244,0.61919105,0.5862618,0.015741391,0.31959018,0.14723866,0.086013,0.02264235,0.050612465,0.31170732,0.6358484,0.2007488,0.15368743,0.014363301,0.23756662,0.15955584,0.11253686,0.10942089,0.71405125,11430.10279629338
968.0,0.5945917,0.7571618,0.62257683,0.5884968,0.014546277,0.32049507,0.14824674,0.089196265,0.029285084,0.0557678,0.31255156,0.6393377,0.20169961,0.15497446,0.014656937,0.2385385,0.15835923,0.113159716,0.10995159,0.7180088,11430.23079611253
969.0,0.5967141,0.7605207,0.625985,0.59036607,0.013646072,0.3214395,0.1479473,0.087038934,0.024988635,0.052091956,0.31346497,0.6419899,0.20252748,0.15620402,0.017759468,0.23936388,0.16232447,0.11364706,0.11023819,0.72064453,11430.35879593168
970.0,0.5986329,0.76268715,0.6289355,0.59075224,0.012714251,0.32240376,0.14946187,0.08781004,0.021763183,0.051436473,0.31315902,0.6424791,0.2023488,0.15519974,0.018083835,0.2393113,0.1608445,0.11258167,0.10843608,0.7066672,11430.486795750829
971.0,0.5900196,0.7547413,0.615049,0.5837304,0.015446104,0.3193307,0.14675349,0.08661625,0.021013362,0.05253651,0.31058997,0.6332171,0.19982383,0.1520884,0.010063128,0.23672259,0.1605351,0.11191894,0.10799282,0.7072415,11430.614795569978
972.0,0.5885487,0.7491042,0.61484087,0.5830839,0.015681114,0.31845942,0.14686011,0.08689887,0.027074696,0.052538406,0.30997935,0.633233,0.19954959,0.15263253,0.014057655,0.23671193,0.15966047,0.11211855,0.10807981,0.70687836,11430.742795389127
973.0,0.58808506,0.7505971,0.61458266,0.5822061,0.013470926,0.31748098,0.14589423,0.08721124,0.026655272,0.05363217,0.3094958,0.6322756,0.19938023,0.15212138,0.013235971,0.23632619,0.16079664,0.11180759,0.10831304,0.70942515,11430.870795208277
974.0,0.5882106,0.7493613,0.6164554,0.58279824,0.013422777,0.31784597,0.14631884,0.087456845,0.026251059,0.05395189,0.30997556,0.6342731,0.20002174,0.15333612,0.015657157,0.23685758,0.15662843,0.11244262,0.108822405,0.71256566,11430.998795027426
975.0,0.5903356,0.7521845,0.61990386,0.584894,0.01619473,0.31862095,0.14737289,0.08817494,0.02864513,0.052810203,0.31087437,0.6371238,0.20080398,0.15468867,0.014982937,0.23791742,0.15760396,0.11223333,0.10958858,0.71647954,11431.126794846576
976.0,0.5922306,0.75367,0.62353766,0.58746696,0.014003913,0.31963757,0.14764664,0.08807645,0.03011289,0.053332776,0.31188965,0.640003,0.20172696,0.15488061,0.0147610055,0.23878685,0.15975085,0.11334023,0.1101647,0.72048664,11431.254794665725
977.0,0.5941083,0.75711703,0.62695295,0.589982,0.014434794,0.32083875,0.14881119,0.08937219,0.026042985,0.053393126,0.3129498,0.6435119,0.2024562,0.15609191,0.01389044,0.23962468,0.15874085,0.112689376,0.10954208,0.71358347,11431.382794484874
978.0,0.59183395,0.7562298,0.6171247,0.5845291,0.015113821,0.31887636,0.14716963,0.08705275,0.02097277,0.0523012,0.30992472,0.63578945,0.2000678,0.15286574,0.016464256,0.23698388,0.15668258,0.111843996,0.10819634,0.7073485,11431.510794304024
979.0,0.58583814,0.74954593,0.61473554,0.58191484,0.015397719,0.31749263,0.14627229,0.08334854,0.02522196,0.05099041,0.30947563,0.63369375,0.19970761,0.15312093,0.016219946,0.23685972,0.16019203,0.11217481,0.10833801,0.70898294,11431.638794123173
980.0,0.5862317,0.74564964,0.61550975,0.5817281,0.013265624,0.31717986,0.14647806,0.08916646,0.026723152,0.054891307,0.30890915,0.63326037,0.19940935,0.15266876,0.015145543,0.23658928,0.15872125,0.11162368,0.108309425,0.7092376,11431.766793942323
981.0,0.5858415,0.7483339,0.61588854,0.5819003,0.013472592,0.31713158,0.14699547,0.08635816,0.032109205,0.05404987,0.30951804,0.63543075,0.19987328,0.15331915,0.016055778,0.23710883,0.15542074,0.11106082,0.10888319,0.7115769,11431.894793761472
982.0,0.5876354,0.74971825,0.6191358,0.5834656,0.013122957,0.3177927,0.14720501,0.083581686,0.023058305,0.050508056,0.31024784,0.6379464,0.2006756,0.15470527,0.014894557,0.23797846,0.15842712,0.11225645,0.109474786,0.7162439,11432.022793580622
983.0,0.590001,0.7509594,0.62315583,0.58576936,0.014616473,0.31891814,0.1478344,0.08529502,0.018101444,0.049331874,0.3112928,0.6408865,0.2015826,0.15569505,0.015222767,0.23899204,0.16015776,0.112835385,0.110069685,0.7185798,11432.150793399771
984.0,0.5916237,0.75289357,0.6256556,0.588199,0.013972209,0.31992608,0.14864504,0.087159604,0.030045982,0.052330494,0.31240574,0.64421076,0.20250027,0.15648146,0.012905416,0.2399414,0.15840401,0.11341141,0.11028742,0.71925104,11432.27879321892
985.0,0.59361094,0.7585725,0.62271446,0.5860146,0.016949464,0.31930292,0.14811456,0.08605194,0.026263438,0.05238007,0.31037158,0.63973993,0.20080261,0.1538792,0.014098716,0.23801991,0.15647979,0.11250051,0.10846239,0.7083986,11432.40679303807
986.0,0.5842797,0.7458967,0.6137887,0.5831414,0.013961379,0.31832016,0.14684747,0.08573794,0.02377289,0.05026131,0.31130573,0.6393295,0.20241137,0.15464485,0.01457145,0.23818558,0.16111633,0.11536379,0.10966106,0.7177375,11432.53479285722
987.0,0.5856485,0.742418,0.61411893,0.5870406,0.015446653,0.31845433,0.1473592,0.086796544,0.027299354,0.05051081,0.31184503,0.6413397,0.2034225,0.15507169,0.014585491,0.23818012,0.16181783,0.11618168,0.109576754,0.7149175,11432.662792676369
988.0,0.58667564,0.7467568,0.61425555,0.58750516,0.011660915,0.31829396,0.14730188,0.087332204,0.024590146,0.050149597,0.31239522,0.642946,0.20384355,0.1559258,0.015924308,0.23857841,0.15948373,0.11620648,0.11010314,0.71846646,11432.790792495518
989.0,0.5887099,0.74962944,0.6175053,0.58903414,0.013191642,0.3190483,0.14861712,0.086176366,0.027788492,0.0514442,0.31312537,0.64534163,0.20442812,0.15701795,0.015316975,0.23941334,0.15941161,0.116639346,0.110696904,0.7221037,11432.918792314667
990.0,0.5914133,0.7504262,0.6211294,0.5915118,0.016656943,0.32031938,0.14881782,0.084535964,0.02476365,0.05089136,0.31464508,0.6494787,0.20560908,0.1586764,0.014918372,0.2404127,0.16240937,0.11845494,0.11120069,0.7261668,11433.046792133817
991.0,0.59476674,0.75373507,0.6255177,0.59398115,0.01746345,0.32148743,0.15024357,0.08714469,0.030577758,0.052261453,0.31595352,0.6528949,0.20629725,0.1600719,0.016442979,0.24124196,0.16480142,0.11770844,0.1112827,0.7232627,11433.174791952966
992.0,0.5953698,0.75849193,0.61979467,0.59068495,0.015131987,0.3201928,0.14878422,0.08727335,0.02773728,0.0523465,0.31319934,0.647412,0.2039494,0.15688471,0.014589042,0.23871072,0.16023852,0.116167486,0.10931755,0.71093065,11433.302791772116
993.0,0.58770716,0.7446475,0.61346614,0.58619416,0.014757589,0.31863686,0.14737381,0.08469909,0.022718452,0.04941921,0.31281707,0.64488286,0.20357925,0.15641625,0.015832508,0.23832025,0.1608149,0.11580357,0.10959654,0.7131528,11433.430791591265
994.0,0.58861727,0.7467217,0.61537904,0.5864788,0.013040966,0.31840315,0.1477518,0.08436318,0.027899835,0.05042004,0.3122756,0.6443697,0.20326911,0.1562551,0.012221285,0.23799509,0.15967008,0.11573799,0.10947759,0.71277875,11433.558791410414
995.0,0.5878578,0.7452644,0.61457664,0.58660996,0.015589081,0.3184026,0.14787902,0.084427126,0.025837319,0.046230912,0.3128511,0.6462248,0.20371446,0.15738823,0.0134740975,0.23842879,0.16031916,0.1166445,0.109984,0.7160694,11433.686791229564
996.0,0.58961594,0.7444896,0.6184527,0.5885359,0.013730641,0.31913885,0.14830132,0.08713121,0.029744076,0.050933667,0.313768,0.6488626,0.20457332,0.1576926,0.012871928,0.23933212,0.15922882,0.11621849,0.11075253,0.7204986,11433.814791048713
997.0,0.5923771,0.749345,0.6222736,0.5910348,0.01497605,0.32049862,0.14884824,0.08672533,0.024937255,0.052522376,0.314969,0.6529713,0.20569752,0.15911996,0.015557989,0.24062338,0.16092342,0.11771525,0.111454114,0.7252374,11433.942790867863
998.0,0.5973643,0.7532271,0.6276844,0.59366125,0.01553415,0.32175428,0.15024798,0.08231207,0.022686793,0.0501657,0.31595755,0.6557257,0.20632496,0.16051528,0.016252484,0.24093805,0.15979974,0.117444254,0.11053913,0.7196782,11434.070790687012
999.0,0.5934878,0.7509931,0.61778426,0.5879926,0.013524152,0.32000822,0.1484128,0.08391373,0.027083008,0.050044913,0.31353083,0.6496554,0.20424743,0.15735176,0.014389209,0.2388304,0.15990026,0.11608351,0.10953683,0.71428967,11434.198790506161
1000.0,0.58958554,0.7443221,0.61723495,0.5878727,0.013577119,0.31958643,0.14824975,0.08899705,0.028560318,0.052868757,0.31377068,0.64952064,0.2046543,0.15743437,0.012180152,0.2392038,0.15976626,0.11676389,0.11004048,0.71742433,11434.32679032531
1001.0,0.58970267,0.74593323,0.61844945,0.5884032,0.014048599,0.31939024,0.14809337,0.086236596,0.031212624,0.05192011,0.31347558,0.64880776,0.20422253,0.15776081,0.013939042,0.23886323,0.15775979,0.11617579,0.11000162,0.7186423,11434.45479014446
1002.0,0.58934253,0.74551857,0.6183881,0.5893345,0.014074248,0.31979224,0.14817388,0.08384271,0.020172628,0.052035384,0.3141349,0.6509826,0.20492989,0.15893409,0.016005183,0.23964645,0.16132477,0.1174604,0.11078185,0.72259533,11434.58278996361
1003.0,0.59124184,0.74844724,0.621236,0.5910306,0.015147271,0.32089767,0.1490236,0.08580814,0.023398006,0.051501583,0.3149706,0.65335923,0.20568232,0.16001736,0.013382667,0.24060488,0.16188428,0.11755737,0.11150008,0.72683054,11434.71078978276
1004.0,0.5940798,0.7493825,0.62536925,0.59312755,0.014198094,0.32193246,0.15002553,0.08583276,0.025939524,0.052165516,0.31613982,0.6576043,0.2067567,0.16136917,0.015555743,0.24170415,0.16212408,0.11754944,0.1120695,0.73084944,11434.838789601909
1005.0,0.5966193,0.75270575,0.62843096,0.59372663,0.01519295,0.32242462,0.14998485,0.08883336,0.027209092,0.0526547,0.3146835,0.656184,0.20545056,0.15991056,0.015658446,0.24048947,0.15804103,0.116615795,0.10968951,0.7174364,11434.966789421058
1006.0,0.58962375,0.7476199,0.61558974,0.58684427,0.014976212,0.32034233,0.1486981,0.08332971,0.02568201,0.048908845,0.31358677,0.6516723,0.20439371,0.15932961,0.01485802,0.23999399,0.16249587,0.1168706,0.11026316,0.72030926,11435.094789240207
1007.0,0.5907817,0.74738955,0.6200208,0.589688,0.012324993,0.32050067,0.14934678,0.08802356,0.028935226,0.052770007,0.31372482,0.65171933,0.20446895,0.15932968,0.016013352,0.24018243,0.1616758,0.11624426,0.110352285,0.72007287,11435.222789059357
1008.0,0.5903678,0.7452345,0.6194018,0.58959055,0.015108418,0.32031894,0.14900297,0.08780413,0.027383897,0.054115664,0.31406835,0.6523635,0.20468038,0.15923686,0.01390781,0.24053258,0.15835677,0.11671769,0.11086685,0.72466767,11435.350788878506
1009.0,0.5911921,0.74246335,0.6202839,0.5910415,0.0121202,0.32129377,0.14940049,0.08333083,0.027701456,0.049453612,0.3154773,0.6576971,0.20710903,0.16063006,0.016186673,0.24204502,0.1617162,0.11982532,0.111846924,0.7289671,11435.478788697656
1010.0,0.59380037,0.74489427,0.6235017,0.5920748,0.013029608,0.32196218,0.15058996,0.083068594,0.02527252,0.049943496,0.31527752,0.6581948,0.2067552,0.16174212,0.0156101035,0.24274549,0.16304566,0.12004926,0.111523,0.72913694,11435.606788516805
1011.0,0.5950385,0.752128,0.6230556,0.5906881,0.01154916,0.32153666,0.14945664,0.087422326,0.027264435,0.051037416,0.3137304,0.6543931,0.20502816,0.15965107,0.015914865,0.24096139,0.16278757,0.11810916,0.109802045,0.71611774,11435.734788335954
1012.0,0.5863932,0.738671,0.6133223,0.587238,0.014768984,0.31945056,0.14829005,0.089058295,0.03291437,0.05342586,0.31306648,0.6509944,0.20470181,0.15878005,0.013781287,0.24039322,0.1621964,0.11856926,0.11028424,0.72337514,11435.862788155104
1013.0,0.5864673,0.73644054,0.6148449,0.5878731,0.013105439,0.3192872,0.14830601,0.084856465,0.028081488,0.050950225,0.3121648,0.6506254,0.20421256,0.15906322,0.014141196,0.24010995,0.1637029,0.11832576,0.109996475,0.72293234,11435.990787974253
1014.0,0.58645034,0.73693615,0.6147393,0.58725035,0.0125686955,0.31887075,0.14817725,0.0864954,0.031170215,0.050812267,0.31270602,0.65179473,0.20470832,0.15969105,0.016212266,0.24052481,0.16294573,0.119148366,0.11043028,0.72632694,11436.118787793403
1015.0,0.58740485,0.73549664,0.6173673,0.58810806,0.014549856,0.31924185,0.14893617,0.08416225,0.028432932,0.05158239,0.31295884,0.6538175,0.20507818,0.16062152,0.013625923,0.24107182,0.16269612,0.11953827,0.11085413,0.72936517,11436.246787612552
1016.0,0.5897819,0.741542,0.62047464,0.58964545,0.013991282,0.31996283,0.14987665,0.08761298,0.026786469,0.05289124,0.31326246,0.6548462,0.20512393,0.1608618,0.013136114,0.24139364,0.16183627,0.11818776,0.10993563,0.72094905,11436.374787431701
1017.0,0.58575624,0.73687863,0.6106996,0.58425856,0.012670433,0.31717476,0.14775178,0.085691355,0.027671333,0.051041774,0.31011763,0.64744514,0.20263165,0.15816703,0.016627,0.23885466,0.1612799,0.11721315,0.10904116,0.71523726,11436.50278725085
1018.0,0.5806472,0.72900236,0.6097473,0.58302087,0.0135809,0.3162224,0.14642662,0.08593198,0.026733516,0.051136915,0.30956027,0.6453712,0.20216902,0.15860498,0.016477346,0.23875315,0.16030495,0.117067836,0.109089844,0.7177196,11436.63078707
1019.0,0.5799168,0.7229764,0.609883,0.5824701,0.016725462,0.3154171,0.14710516,0.0848091,0.029996052,0.051256202,0.30888563,0.6442276,0.20181875,0.15783454,0.01495929,0.23821108,0.1613332,0.11660081,0.109198116,0.7185354,11436.75878688915
1020.0,0.5802618,0.7239482,0.6111605,0.58323824,0.014512881,0.3154891,0.1470287,0.08614833,0.028855707,0.051145796,0.30940643,0.6456837,0.20211889,0.15830702,0.014744707,0.23865356,0.16109474,0.117388725,0.10973162,0.72319,11436.886786708299
1021.0,0.58118916,0.7238985,0.6132039,0.58446664,0.01333082,0.31617564,0.14706588,0.0870371,0.022856966,0.051900513,0.31000698,0.6472647,0.20273614,0.15897948,0.013795935,0.23935339,0.15988177,0.1169162,0.1103408,0.7264906,11437.014786527448
1022.0,0.58294946,0.7260489,0.61619836,0.5854234,0.01421002,0.31650403,0.14735685,0.0838809,0.026851565,0.049177133,0.3086443,0.64583564,0.20183112,0.15744083,0.016051153,0.238119,0.1606972,0.1164171,0.1084199,0.71400577,11437.142786346598
1023.0,0.57407856,0.71261144,0.6049738,0.57959676,0.011246033,0.31359383,0.14541449,0.08668674,0.0271174,0.051514875,0.30662373,0.6388566,0.20009299,0.15596867,0.013799851,0.23670939,0.15987536,0.11630283,0.10854536,0.71695507,11437.270786165747
1024.0,0.5739063,0.71052474,0.6062102,0.5801233,0.012923044,0.3133048,0.14537843,0.08644941,0.026746973,0.05163486,0.30595174,0.6380079,0.19988206,0.15599702,0.012588222,0.23665442,0.15908056,0.11615756,0.10846282,0.71754503,11437.398785984897
1025.0,0.57322425,0.70760536,0.6057201,0.5793123,0.011668974,0.31285557,0.14509505,0.08446576,0.027451713,0.049320742,0.30579317,0.63781595,0.19980809,0.15626043,0.012837809,0.2366248,0.1570169,0.11591409,0.108814895,0.7201927,11437.526785804046
1026.0,0.5741916,0.70618963,0.607517,0.5807236,0.016391506,0.31347844,0.1457237,0.08470457,0.030436715,0.05238466,0.30638635,0.63900054,0.20020376,0.15710826,0.016628273,0.23738825,0.15716475,0.11665755,0.10940337,0.724718,11437.654785623195
1027.0,0.5764767,0.7060662,0.610894,0.5827337,0.014692379,0.3144235,0.14576186,0.08431468,0.02523805,0.05214677,0.30732182,0.64151996,0.2010347,0.15805449,0.013201412,0.23810627,0.15825586,0.11682275,0.11002917,0.72810996,11437.782785442345
1028.0,0.57767385,0.7121865,0.61180073,0.58267385,0.014598033,0.31446412,0.1460169,0.08550138,0.022376006,0.050128575,0.3054508,0.63826346,0.19941781,0.15513456,0.014949234,0.23659824,0.15806916,0.1161211,0.10816106,0.7168858,11437.910785261494
1029.0,0.5700373,0.7008177,0.60277814,0.5783128,0.011991209,0.312454,0.1440245,0.08498197,0.027087126,0.05032564,0.30435258,0.63298035,0.19829406,0.15501244,0.015100415,0.23583128,0.1577855,0.11586747,0.108567856,0.71991795,11438.038785080644
1030.0,0.5715222,0.69930255,0.6056406,0.5793774,0.014461343,0.31251362,0.14398131,0.08262011,0.026673116,0.05158021,0.30386007,0.63176495,0.19805926,0.15515748,0.016278189,0.23578164,0.15539788,0.1156213,0.10845076,0.71963686,11438.166784899793
1031.0,0.56991744,0.6967722,0.6030873,0.57864493,0.012555194,0.3129065,0.14403048,0.082809046,0.0214767,0.048864853,0.30451968,0.63299644,0.19914946,0.15440586,0.012928777,0.23626286,0.15813659,0.117026374,0.10886973,0.726015,11438.294784718943
1032.0,0.5705944,0.69309753,0.60478073,0.58049905,0.013835408,0.314019,0.14433259,0.082886435,0.027443334,0.04881189,0.30527645,0.6340774,0.19956753,0.15595274,0.014778456,0.23705946,0.15801448,0.117472365,0.109339766,0.72698027,11438.422784538092
1033.0,0.5730975,0.7016319,0.60770196,0.5830535,0.013287315,0.31460962,0.14448754,0.08280463,0.026934367,0.05023084,0.30659154,0.6357641,0.2000098,0.1566198,0.014779282,0.23765363,0.15625453,0.11704222,0.11001761,0.730963,11438.550784357241
1034.0,0.57450277,0.70126545,0.6088015,0.58454037,0.010873677,0.31484768,0.14431776,0.083091035,0.02031604,0.04817163,0.3052013,0.63356656,0.19886343,0.15413803,0.014304668,0.23609921,0.15734291,0.115990825,0.10815132,0.71823174,11438.67878417639
1035.0,0.5667317,0.6874433,0.60014445,0.5794407,0.015143148,0.31259763,0.14288434,0.083664306,0.023758063,0.048811857,0.3034304,0.62588596,0.19715598,0.15313862,0.014441449,0.23507454,0.15417199,0.11659734,0.10834581,0.7220711,11438.80678399554
1036.0,0.5676916,0.6858247,0.60071075,0.5806781,0.013794535,0.31299832,0.1424934,0.080811694,0.024840685,0.048063938,0.30354404,0.6260622,0.19761945,0.15331613,0.0155016165,0.23525234,0.15527423,0.11696502,0.10845439,0.7247953,11438.93478381469
1037.0,0.5662371,0.6848826,0.6005619,0.5802842,0.011712992,0.31295738,0.14247254,0.07971662,0.023582628,0.047823757,0.30383962,0.62681514,0.19787505,0.15350941,0.014626067,0.23541181,0.15317406,0.117137514,0.10891664,0.7268049,11439.062783633839
1038.0,0.56817484,0.68784153,0.60320246,0.58259463,0.012277939,0.31393066,0.14265287,0.08207075,0.02698005,0.04855964,0.3050944,0.6283243,0.19888447,0.15430355,0.014088351,0.23617099,0.15460868,0.11858613,0.109583914,0.7327182,11439.190783452988
1039.0,0.569653,0.6841619,0.6056816,0.58516264,0.015859418,0.315573,0.14381883,0.080287956,0.024624832,0.047564805,0.3068755,0.63255394,0.20054719,0.15471128,0.011095914,0.23723334,0.15451595,0.11919161,0.11021339,0.73923206,11439.318783272138
1040.0,0.5712622,0.6873731,0.60587853,0.58529276,0.012597542,0.3154158,0.14305219,0.080882505,0.026729329,0.046845492,0.30456918,0.6278126,0.19854143,0.15281294,0.013225208,0.2351755,0.15572672,0.11830995,0.1082167,0.7253495,11439.446783091287
1041.0,0.56379026,0.6741545,0.59719455,0.58109605,0.013436664,0.3135032,0.14122055,0.07914326,0.027426818,0.049155675,0.304231,0.6233264,0.19788657,0.15221328,0.014845421,0.23459403,0.15487576,0.11820326,0.108630046,0.72877914,11439.574782910437
1042.0,0.56439084,0.67761683,0.5989815,0.5823109,0.012769059,0.313814,0.14121771,0.079347625,0.023376472,0.04715007,0.30410248,0.6233281,0.19794202,0.15234932,0.014630909,0.23447776,0.15559559,0.11824907,0.10868634,0.72868496,11439.702782729586
1043.0,0.5636787,0.6740136,0.59896797,0.582357,0.016999397,0.31358817,0.14179549,0.08148937,0.024809934,0.05006971,0.30394512,0.622366,0.19720224,0.15226658,0.014064289,0.23424825,0.15647814,0.11780233,0.10894134,0.7296978,11439.830782548735
1044.0,0.5663761,0.67866504,0.60180175,0.58372104,0.012945418,0.31390038,0.1416012,0.0818331,0.02738574,0.046960294,0.30426916,0.62405616,0.19742596,0.15240553,0.013143302,0.2346312,0.15512717,0.11870171,0.10951576,0.7347705,11439.958782367883
1045.0,0.5673157,0.67706734,0.6043234,0.58548105,0.012282074,0.3150006,0.14207119,0.077696845,0.024966028,0.046195004,0.30522916,0.6266164,0.19828892,0.15347272,0.016587777,0.23552005,0.15547185,0.118009195,0.10994575,0.7373456,11440.086782187032
1046.0,0.56957126,0.68011653,0.60690945,0.5867687,0.013913634,0.31637394,0.14318326,0.08038269,0.02318448,0.045712937,0.30543995,0.6278554,0.19868487,0.15286778,0.013506357,0.23527436,0.1596661,0.11817209,0.108579904,0.7274693,11440.214782006182
1047.0,0.56163913,0.6687053,0.596133,0.5819708,0.01285082,0.31356427,0.14073774,0.07772402,0.026157986,0.047923267,0.30345783,0.6194828,0.19662932,0.1501911,0.01343205,0.23318696,0.15409532,0.11761614,0.10842388,0.72722316,11440.342781825331
1048.0,0.56148434,0.67078555,0.5979391,0.5829744,0.011420706,0.31319222,0.14108203,0.08034965,0.026158968,0.045536537,0.30325466,0.618799,0.19620144,0.15063074,0.016150374,0.23304217,0.15480588,0.11701706,0.108500436,0.72587794,11440.47078164448
1049.0,0.56104064,0.67322594,0.59860253,0.5823764,0.0111541785,0.31266,0.14039136,0.0764724,0.0219374,0.04516668,0.30313772,0.6176184,0.19620578,0.15056463,0.016660696,0.2330351,0.15465543,0.116856635,0.10893549,0.7275079,11440.59878146363
1050.0,0.56110287,0.6728745,0.60015756,0.58379674,0.014968356,0.31321478,0.14168577,0.07907743,0.025235137,0.046484094,0.30387864,0.6206865,0.19702597,0.15060458,0.014328646,0.23365171,0.15564987,0.11654596,0.10957073,0.7313272,11440.72678128278
1051.0,0.5625188,0.67523926,0.6029763,0.585591,0.014900705,0.31396273,0.14220074,0.07935985,0.026751336,0.047436062,0.30504414,0.62333256,0.19818106,0.15170422,0.014022514,0.23454429,0.15521647,0.11712519,0.11021295,0.73431784,11440.854781101929
1052.0,0.5633003,0.6778398,0.60634124,0.5875932,0.012354771,0.31502792,0.14282517,0.082629986,0.026652362,0.048758432,0.30628896,0.6263867,0.19943643,0.15235548,0.014914488,0.23537935,0.15619183,0.1172995,0.11041487,0.7352858,11440.982780921078
1053.0,0.56467015,0.68561316,0.6057327,0.5863102,0.013675128,0.31415752,0.1423402,0.07967855,0.025095416,0.047501605,0.30413485,0.61958295,0.19753733,0.14925835,0.015557487,0.23321013,0.15633883,0.11593666,0.108792715,0.724684,11441.110780740228
1054.0,0.5573258,0.6734021,0.5984037,0.5835301,0.013053734,0.31262746,0.14118579,0.07995621,0.024148112,0.045249585,0.30400768,0.6187016,0.19752671,0.14953233,0.012939866,0.233138,0.15464856,0.11638362,0.10931074,0.72737354,11441.238780559377
1055.0,0.5576388,0.6736698,0.60080194,0.584437,0.016512854,0.31256428,0.14179145,0.08020898,0.025032561,0.04869045,0.3037518,0.61823165,0.19745058,0.14957769,0.013088798,0.23292704,0.15640327,0.11571057,0.10942301,0.7263602,11441.366780378527
1056.0,0.5567287,0.6762947,0.60156596,0.5846736,0.011549988,0.3123985,0.14141242,0.081245475,0.023174172,0.046922315,0.3044256,0.6207845,0.1982401,0.15079455,0.015494401,0.23357472,0.15573168,0.11618618,0.10991844,0.7293839,11441.494780197676
1057.0,0.557913,0.6766164,0.60445124,0.58622825,0.012051492,0.3131274,0.14242895,0.082087666,0.025538124,0.049656168,0.30527472,0.6237369,0.19916394,0.1518577,0.014218377,0.23444237,0.15752096,0.11651158,0.1104898,0.73295254,11441.622780016825
1058.0,0.5590507,0.6789933,0.6075114,0.58808076,0.014390781,0.3142673,0.14357503,0.08399398,0.021157386,0.05205333,0.3063788,0.62753505,0.200366,0.15283157,0.016152756,0.23548678,0.16064659,0.11659621,0.11124262,0.7354768,11441.750779835975
1059.0,0.5604886,0.6844185,0.6106159,0.5901973,0.013893842,0.31535268,0.1439029,0.0837056,0.023473728,0.048652507,0.30676246,0.6292853,0.20057109,0.1525205,0.015356492,0.23560597,0.1598543,0.11559538,0.110072546,0.7268878,11441.878779655124
1060.0,0.5580764,0.6826349,0.60285515,0.58568096,0.012640872,0.31299287,0.14216089,0.083373375,0.027295936,0.04965315,0.304945,0.621669,0.19906741,0.15078898,0.014964978,0.23372851,0.155914,0.11516673,0.10978187,0.72584164,11442.006779474274
1061.0,0.5555131,0.68312883,0.6038773,0.5867143,0.011475892,0.3132517,0.14272422,0.08432063,0.025133256,0.05132321,0.30559552,0.6240011,0.19966818,0.15145884,0.01815581,0.23447822,0.15811367,0.115608506,0.110091455,0.7264068,11442.134779293423
1062.0,0.5566036,0.6827171,0.6051532,0.58649135,0.015519823,0.31299695,0.14331712,0.084025465,0.026505377,0.048648067,0.30556133,0.6244328,0.19974665,0.15147427,0.017932283,0.23448503,0.15878421,0.11552116,0.11042197,0.72781456,11442.262779112572
1063.0,0.55677885,0.68132,0.6067783,0.58775336,0.014134048,0.31356418,0.14305964,0.085446075,0.027606875,0.05081366,0.3063888,0.6269226,0.2006258,0.15246393,0.01407479,0.23532653,0.15879741,0.11579549,0.11097115,0.73150253,11442.390778931722
1064.0,0.55788726,0.6856598,0.6096298,0.5895365,0.012375339,0.31459963,0.14378987,0.08520664,0.02867823,0.051973358,0.30755255,0.6299316,0.20150854,0.15314965,0.012370941,0.23630394,0.16020378,0.115892515,0.11159403,0.7343309,11442.518778750871
1065.0,0.56011134,0.6905135,0.61305803,0.5917326,0.0111389635,0.31573004,0.14444385,0.0823372,0.023351703,0.049397085,0.3079075,0.63168025,0.20188989,0.1540374,0.01591288,0.23638809,0.16024326,0.11537578,0.11035268,0.72514355,11442.64677857002
1066.0,0.5572599,0.68832105,0.6053097,0.58712465,0.014582953,0.31345186,0.14312339,0.08553815,0.024551183,0.052042373,0.3060223,0.6244209,0.20018733,0.15105762,0.01629758,0.2344389,0.15877518,0.11496417,0.110058345,0.7237413,11442.77477838917
1067.0,0.5556351,0.6860591,0.60552007,0.58806443,0.01406432,0.31367776,0.14370249,0.083310336,0.029214405,0.052187145,0.30665115,0.6271412,0.20069835,0.15187487,0.014242092,0.23508216,0.16212432,0.11586676,0.11033594,0.72488785,11442.90277820832
1068.0,0.5571328,0.68736947,0.6078959,0.58802027,0.015092957,0.31357267,0.14420927,0.08665802,0.026471594,0.053080983,0.30670893,0.627794,0.20088588,0.15276079,0.015281357,0.2351434,0.16156058,0.114765614,0.110605344,0.7263173,11443.030778027469
1069.0,0.55772436,0.6913604,0.6089513,0.58945173,0.013456895,0.31437105,0.14382389,0.084844254,0.028266069,0.052594513,0.30776113,0.6303752,0.20171672,0.15353768,0.0128535945,0.23592724,0.16217336,0.1158558,0.111159965,0.7292506,11443.158777846618
1070.0,0.5597819,0.69618195,0.61218715,0.59153134,0.0126278885,0.31557167,0.14488497,0.08510182,0.030211914,0.050587047,0.30891162,0.63390666,0.20271088,0.15500572,0.016627425,0.23719662,0.16128519,0.11657444,0.111826904,0.73335314,11443.286777665768
1071.0,0.56200945,0.69628835,0.61598516,0.5919501,0.014678835,0.3157895,0.14491817,0.08666706,0.02723196,0.05258357,0.30727005,0.6304232,0.20115903,0.15186027,0.012903012,0.23511116,0.16015323,0.114446655,0.10959851,0.7180585,11443.414777484917
1072.0,0.55476576,0.6875681,0.6033464,0.5870035,0.014746681,0.31325987,0.14339784,0.08561159,0.025184533,0.05130723,0.30627218,0.62412685,0.20007145,0.15152186,0.015449395,0.2342529,0.16160676,0.11486414,0.109797366,0.7200783,11443.542777304066
1073.0,0.5555476,0.6853155,0.6050071,0.58779055,0.015268646,0.31342405,0.14382383,0.08704092,0.020578088,0.05259037,0.30625054,0.6254468,0.2001585,0.15187226,0.016702428,0.23429996,0.16196053,0.11404993,0.10971222,0.71911407,11443.670777123216
1074.0,0.5560863,0.6895169,0.60517704,0.58726573,0.015781304,0.31328678,0.1433922,0.08360339,0.0231474,0.04958972,0.30648443,0.62720096,0.20033213,0.1526919,0.014681371,0.23446903,0.16386238,0.11498502,0.1101029,0.7209627,11443.798776942365
1075.0,0.5575245,0.6890315,0.60737,0.58898675,0.012735667,0.31411228,0.14412893,0.086688705,0.022920942,0.05203487,0.307375,0.6301337,0.20110546,0.1534738,0.015837101,0.23526278,0.1629334,0.11480675,0.11080735,0.7247894,11443.926776761515
1076.0,0.5598545,0.6920265,0.61110353,0.5912233,0.015264132,0.31546623,0.14496942,0.08680144,0.03197417,0.05351353,0.30857798,0.6341131,0.20215096,0.1547282,0.015301553,0.23612808,0.16626687,0.11571305,0.11085192,0.7252969,11444.054776580664
1077.0,0.5617101,0.6947459,0.60758007,0.58899593,0.012526044,0.31429714,0.14354832,0.08693047,0.02786552,0.05283258,0.30596733,0.6259964,0.19963856,0.15104325,0.013544285,0.23343332,0.16133669,0.11396981,0.10876844,0.7113669,11444.182776399814
1078.0,0.55282176,0.68156844,0.6005492,0.5857486,0.015864799,0.31249058,0.14195475,0.08611202,0.026952669,0.053561512,0.30549437,0.62286377,0.1991434,0.15134254,0.015364897,0.23301157,0.16109638,0.11364422,0.109106004,0.71397996,11444.310776218963
1079.0,0.55409056,0.68427926,0.6023516,0.5860427,0.0146596925,0.31227443,0.14302805,0.08349819,0.024665317,0.051410485,0.30502436,0.6220013,0.19883034,0.15060179,0.015025679,0.2326638,0.16310358,0.11386082,0.108966455,0.71315765,11444.438776038112
1080.0,0.5531121,0.6823034,0.60214823,0.5860069,0.011993225,0.3122529,0.14197215,0.087585375,0.023734074,0.051879343,0.3056233,0.6245458,0.19938782,0.15152189,0.0139593845,0.23311739,0.16177341,0.11444346,0.10933551,0.71653104,11444.566775857262
1081.0,0.5553826,0.6840716,0.60579747,0.58733433,0.013042283,0.3130516,0.14246972,0.08434437,0.02182437,0.05360735,0.30641633,0.62727296,0.20011105,0.15294023,0.015589075,0.23382425,0.16101703,0.11501805,0.109952636,0.7208909,11444.694775676411
1082.0,0.5581529,0.68695325,0.6088944,0.5895101,0.0123209255,0.31423295,0.14314696,0.08695854,0.023826618,0.051757254,0.3075221,0.63075376,0.20089601,0.15425685,0.015152728,0.23470429,0.16079488,0.1143517,0.11056792,0.7238817,11444.82277549556
1083.0,0.5609064,0.6878893,0.61231923,0.59051293,0.015405565,0.3147914,0.14364411,0.08559654,0.026826117,0.055894848,0.30623055,0.628011,0.19973977,0.15129718,0.01627855,0.23310532,0.1623927,0.11364948,0.10834509,0.7095943,11444.95077531471
1084.0,0.5521558,0.67684335,0.5995666,0.5847625,0.012648742,0.3119347,0.14117499,0.08602505,0.026097437,0.052506477,0.30467805,0.6210135,0.19815809,0.15067798,0.01638486,0.23169781,0.15899244,0.113598384,0.10849758,0.71149844,11445.07877513386
1085.0,0.552447,0.6741078,0.6011874,0.5853411,0.013797158,0.31180775,0.14133053,0.08652701,0.031049198,0.05379824,0.30434942,0.62084186,0.19800085,0.15038003,0.015182627,0.23159525,0.16024743,0.11347697,0.108277135,0.71060795,11445.206774953009
1086.0,0.5527684,0.6774432,0.60088736,0.5839311,0.01165771,0.3113848,0.14072283,0.08285726,0.023540478,0.051350024,0.30431965,0.621651,0.19812894,0.15065148,0.013863102,0.23161758,0.16034856,0.114508,0.10851614,0.71308583,11445.334774772158
1087.0,0.55375564,0.6767577,0.60321957,0.5857212,0.010337473,0.31191346,0.14164658,0.08418607,0.026863959,0.050102144,0.30486843,0.62359524,0.19853011,0.15149134,0.018208753,0.23241656,0.15985143,0.114081666,0.10888768,0.7165364,11445.462774591308
1088.0,0.5560545,0.67959076,0.60603994,0.58673143,0.011921354,0.31277,0.14245448,0.08719724,0.029363757,0.051981978,0.30583975,0.6253571,0.19927435,0.15255865,0.01675702,0.23312752,0.16149315,0.11406996,0.10951651,0.71980006,11445.590774410457
1089.0,0.5586524,0.6862212,0.6098677,0.5888934,0.014458184,0.31396955,0.14301187,0.087478615,0.027843405,0.0532979,0.3067388,0.6273962,0.20011318,0.15269437,0.013484357,0.23370312,0.15986098,0.11402346,0.10889208,0.7152128,11445.718774229606
1090.0,0.55463064,0.67784417,0.6008073,0.58465886,0.012947673,0.31176177,0.14149077,0.08451291,0.02728951,0.050720777,0.30364883,0.6176639,0.19731171,0.14896311,0.016999481,0.2308001,0.15706499,0.11293224,0.10756197,0.7091897,11445.846774048756
1091.0,0.5506668,0.6705017,0.59940976,0.5833938,0.013312929,0.31083706,0.14072785,0.08270582,0.025051005,0.049017172,0.30364814,0.6176572,0.19740227,0.14921828,0.014460611,0.23085344,0.15781958,0.113378316,0.107898265,0.7110571,11445.974773867905
1092.0,0.5509997,0.67143893,0.59980196,0.58336526,0.012667869,0.31034628,0.14052185,0.08509329,0.021096338,0.052503392,0.30294958,0.61605793,0.19692004,0.14885703,0.01421028,0.2304531,0.15613525,0.11336135,0.10787376,0.7116216,11446.102773687055
1093.0,0.55169606,0.67102176,0.6013831,0.58429295,0.013271984,0.31069654,0.14059237,0.083467156,0.025039164,0.05160898,0.30369487,0.6179513,0.19760649,0.14960673,0.0142884925,0.23093966,0.15878186,0.11319943,0.10846036,0.71615523,11446.230773506204
1094.0,0.5538106,0.6752383,0.6048455,0.58578604,0.0132181365,0.31140625,0.14146926,0.084271885,0.024832586,0.052110445,0.30456305,0.6205724,0.1983443,0.15101726,0.015933113,0.23171192,0.15596667,0.11359832,0.108940884,0.71950155,11446.358773325353
1095.0,0.55598915,0.6778346,0.60735303,0.586329,0.014530832,0.3125223,0.1426034,0.08426311,0.027168447,0.050808754,0.3050958,0.6235886,0.19925815,0.15147753,0.015871268,0.23259735,0.15942584,0.114591725,0.109151624,0.72177523,11446.486773144503
1096.0,0.55775005,0.6809513,0.608836,0.5857793,0.013873633,0.31253317,0.1424188,0.085001715,0.026690703,0.051286086,0.30331767,0.6195282,0.19755457,0.1482938,0.016759107,0.23069134,0.15727726,0.112829715,0.106807716,0.7073179,11446.614772963652
1097.0,0.54810864,0.6650238,0.5971158,0.57936734,0.014545566,0.309422,0.1401048,0.08653918,0.029295335,0.051595446,0.30138877,0.6121488,0.19602919,0.14710583,0.011903095,0.22930442,0.15722096,0.11248645,0.10696255,0.7096428,11446.742772782802
1098.0,0.5484757,0.66520625,0.59847677,0.5796571,0.0108331535,0.3089991,0.14007531,0.08326392,0.027924288,0.051975854,0.30090892,0.6113166,0.19580163,0.14729893,0.01557499,0.2289806,0.155582,0.11314797,0.10678485,0.70952153,11446.870772601951
1099.0,0.54837066,0.66793156,0.59846884,0.5788813,0.012604397,0.30850425,0.14024374,0.08331834,0.021159057,0.051371302,0.30108067,0.6121921,0.19605245,0.14801835,0.014413787,0.22906503,0.15467176,0.11211066,0.1072231,0.7124896,11446.9987724211
1100.0,0.54931253,0.6666274,0.6008604,0.58047867,0.012993257,0.30901888,0.14084636,0.083938524,0.029877773,0.051980138,0.3018515,0.61427176,0.19680303,0.14885508,0.012681786,0.22970724,0.15753187,0.11272135,0.10781478,0.71693623,11447.12677224025
1101.0,0.5519636,0.6723156,0.6048139,0.58246356,0.014197672,0.31012768,0.14184459,0.08549285,0.027932052,0.050890867,0.30282027,0.6183904,0.19766915,0.1495568,0.014200348,0.23033075,0.1529459,0.11310432,0.10834279,0.72024614,11447.2547720594
1102.0,0.55409724,0.6757522,0.6074485,0.5845006,0.015141143,0.31110284,0.14231206,0.084587194,0.028388362,0.05115157,0.30396825,0.6210952,0.19872154,0.15072837,0.01495501,0.2312963,0.15753628,0.11395369,0.108868584,0.7244564,11447.382771878549
1103.0,0.5561909,0.6765075,0.60916513,0.5845123,0.010747939,0.31129155,0.14227854,0.084355146,0.027116774,0.052678857,0.30216557,0.6168923,0.19705763,0.14757735,0.015458155,0.22922719,0.15618306,0.11230611,0.106478006,0.7089569,11447.510771697698
1104.0,0.54624647,0.66266865,0.5965836,0.5785407,0.013103065,0.30848244,0.14081293,0.08324085,0.032157183,0.0510573,0.3003486,0.6097608,0.19565165,0.14632954,0.01441569,0.22803771,0.1578983,0.11243283,0.10660114,0.70971185,11447.638771516848
1105.0,0.5468641,0.6645352,0.59802544,0.5787136,0.013186931,0.3079737,0.14027731,0.084672034,0.028072253,0.050660968,0.29984143,0.61011004,0.19545716,0.14656512,0.014223331,0.22763297,0.15308988,0.11229829,0.10643485,0.7096603,11447.766771335997
1106.0,0.54592973,0.66352665,0.5976993,0.57794946,0.013320537,0.30769166,0.14027081,0.08294124,0.027027206,0.05168025,0.29990748,0.6109814,0.19564945,0.14735012,0.014501726,0.22770706,0.15241073,0.112045415,0.10684602,0.7130779,11447.894771155146
1107.0,0.5478251,0.66770566,0.60022587,0.5792542,0.012409993,0.308276,0.1404442,0.08421648,0.024471624,0.049450204,0.30065668,0.6136116,0.19645588,0.14814994,0.014248287,0.22848934,0.15583356,0.11293654,0.107522145,0.7164084,11448.022770974296
1108.0,0.55025697,0.67323166,0.60392505,0.5811805,0.0144771645,0.30936784,0.14128633,0.080430426,0.022959527,0.049609996,0.3016052,0.61689734,0.19718407,0.14931698,0.01654405,0.22927377,0.15751356,0.112983294,0.107981004,0.7204643,11448.150770793445
1109.0,0.55254,0.6738917,0.60779136,0.58304113,0.0132312365,0.31047162,0.1422796,0.08340006,0.024448324,0.050536647,0.30276936,0.6192165,0.19813725,0.14996478,0.013408552,0.23006907,0.1548197,0.11256529,0.10818177,0.7210019,11448.278770612595
1110.0,0.553781,0.6781371,0.6046728,0.5814379,0.013771912,0.30984375,0.14191554,0.0859783,0.028422298,0.05013634,0.300535,0.61287355,0.19600622,0.14685142,0.014083354,0.22766407,0.1560523,0.11235647,0.10630765,0.70910114,11448.406770431744
1111.0,0.54570425,0.6641816,0.5974001,0.5784116,0.013627925,0.3083297,0.14092179,0.08351427,0.027414605,0.052814733,0.30024695,0.6107389,0.19564557,0.14693193,0.012549159,0.2275177,0.15153481,0.11254869,0.106720224,0.7121839,11448.534770250893
1112.0,0.54738295,0.67012125,0.6003547,0.5792121,0.010850155,0.3082721,0.14057186,0.082784615,0.02717174,0.04786798,0.2998296,0.6101527,0.19545527,0.1467743,0.013738089,0.22711812,0.1554385,0.11247929,0.106558286,0.71046525,11448.662770070043
1113.0,0.54732245,0.6676609,0.60011685,0.57936734,0.013572602,0.30859834,0.14125445,0.08295609,0.023458835,0.047484376,0.30046594,0.6118889,0.19609268,0.14722762,0.013744566,0.2278395,0.15433083,0.112294,0.10705814,0.7140041,11448.790769889192
1114.0,0.549244,0.6698734,0.603266,0.58128536,0.015338276,0.3095518,0.14208138,0.08399247,0.026115907,0.050818186,0.301368,0.6145883,0.19655852,0.14819703,0.012709249,0.22843069,0.15484312,0.11323481,0.10766805,0.7176113,11448.918769708342
1115.0,0.5514249,0.67548794,0.6065596,0.5833595,0.011649379,0.31068444,0.14205946,0.08545335,0.021718454,0.051074862,0.3025591,0.61824805,0.19777843,0.14996716,0.013385339,0.22944096,0.15476754,0.11341638,0.1081204,0.72024167,11449.046769527491
1116.0,0.5540276,0.6812139,0.6098044,0.5847186,0.013177808,0.311667,0.14316283,0.085168496,0.025274921,0.052066386,0.30188897,0.6180909,0.197152,0.14802976,0.013949316,0.22846806,0.15692788,0.11195391,0.106191255,0.7066544,11449.17476934664
1117.0,0.5458382,0.66955686,0.597915,0.5790056,0.013551703,0.3089507,0.14093436,0.08265305,0.022005266,0.05051558,0.30017638,0.6093116,0.19527318,0.14585167,0.015127893,0.22689375,0.15677723,0.11251793,0.10623642,0.70728385,11449.30276916579
1118.0,0.54637414,0.67033684,0.5994013,0.5798908,0.013722337,0.30906564,0.14136727,0.08721965,0.033348154,0.051947687,0.30015746,0.6095974,0.1954327,0.14629607,0.013241957,0.22710168,0.15561762,0.11200947,0.10619615,0.70718557,11449.43076898494
1119.0,0.54647654,0.67032766,0.599027,0.57952434,0.013304133,0.30898884,0.14080393,0.08549338,0.030795565,0.052264914,0.30028015,0.6101114,0.19548504,0.14648907,0.014566272,0.22714487,0.15662749,0.11228751,0.10663836,0.70917153,11449.558768804089
1120.0,0.54748476,0.6722324,0.60138744,0.5811879,0.010019386,0.3097384,0.1411911,0.08562984,0.029623985,0.051474486,0.30133936,0.61290705,0.1963969,0.14773569,0.014585829,0.22812313,0.15329227,0.112472534,0.10726545,0.7124843,11449.686768623238
1121.0,0.5507044,0.67490387,0.6054357,0.5832795,0.013820101,0.31115508,0.14324689,0.08274239,0.025208116,0.04839023,0.30237278,0.61624634,0.19731158,0.14899385,0.0177893,0.22923893,0.15825132,0.113311484,0.10784051,0.7159873,11449.814768442388
1122.0,0.55290437,0.6796129,0.6092596,0.585105,0.014791555,0.3123995,0.14322144,0.084056646,0.024797581,0.04857675,0.302445,0.6173888,0.19729695,0.1482489,0.014170021,0.22886188,0.15686291,0.11281639,0.106153354,0.70317036,11449.942768261537
1123.0,0.5459413,0.67172205,0.5968412,0.57916975,0.014497928,0.30943322,0.14089794,0.084999874,0.024021484,0.0523335,0.2999683,0.60784453,0.19498055,0.14610288,0.016205875,0.22665548,0.15667555,0.11222095,0.10579559,0.70208853,11450.070768080686
1124.0,0.54546607,0.6702551,0.59736276,0.5795635,0.013155484,0.309417,0.14111553,0.084132776,0.028209178,0.05040822,0.30012098,0.6088661,0.19514988,0.14638771,0.012627646,0.22688481,0.15341166,0.11264879,0.1059217,0.70366,11450.198767899836
1125.0,0.54574585,0.6710179,0.5983473,0.5795807,0.010043057,0.3091943,0.14060351,0.08468333,0.023245055,0.050085373,0.30035213,0.6094721,0.19532244,0.14621739,0.012506527,0.22692244,0.1532984,0.111745864,0.106279455,0.7039868,11450.326767718985
1126.0,0.5462364,0.67140156,0.6007925,0.5811583,0.016234893,0.31000537,0.14178701,0.08203694,0.03137808,0.05022186,0.3012929,0.61235094,0.19617465,0.1478573,0.013688918,0.22790052,0.15439644,0.11247399,0.106940895,0.70795876,11450.454767538135
1127.0,0.54916036,0.6751132,0.604869,0.58344454,0.01137015,0.31130412,0.14219876,0.08369842,0.026439829,0.05018652,0.30249774,0.6159131,0.19704352,0.14875385,0.015882319,0.22893819,0.15562646,0.11378691,0.10763016,0.711956,11450.582767357284
1128.0,0.55211616,0.68057376,0.6082837,0.5858191,0.015964782,0.3128425,0.14365867,0.08522039,0.02315363,0.05298113,0.3033708,0.61873114,0.19779262,0.149434,0.012801339,0.2294047,0.15654738,0.11326387,0.1066711,0.703388,11450.710767176433
1129.0,0.5486503,0.6788967,0.59823585,0.5807988,0.013103151,0.3104206,0.14163484,0.084418,0.029996598,0.051438894,0.30055714,0.6097225,0.19515054,0.14590909,0.016187059,0.22679114,0.15504362,0.11192595,0.105730176,0.698412,11450.838766995583
1130.0,0.5459689,0.6725839,0.59858423,0.5807314,0.013526586,0.31027266,0.14126362,0.08206554,0.025024423,0.05025818,0.3008037,0.60995907,0.19532801,0.14667705,0.0141950175,0.22720851,0.15592556,0.11271172,0.106139354,0.70036453,11450.966766814732
1131.0,0.5471963,0.67454654,0.59979695,0.58060485,0.014870704,0.3099831,0.1413229,0.07963017,0.025276892,0.049363572,0.30046034,0.60961884,0.19510947,0.14626633,0.014627944,0.22702299,0.15503031,0.112933405,0.106252335,0.7010811,11451.094766633882
1132.0,0.5478805,0.67170393,0.601086,0.5813916,0.015689703,0.31054118,0.14189811,0.08795726,0.03565837,0.051811818,0.30128023,0.6128765,0.19584574,0.14751665,0.011286839,0.2278895,0.15637088,0.11300753,0.10684202,0.70296603,11451.222766453031
1133.0,0.5503158,0.6799832,0.6051044,0.58293563,0.015315344,0.3114768,0.14277546,0.08313284,0.025770538,0.0496487,0.30217665,0.61487716,0.19636713,0.1482998,0.013215665,0.22885801,0.15571253,0.11322208,0.10743133,0.7063204,11451.35076627218
1134.0,0.5533686,0.6846004,0.60839033,0.58521307,0.012592198,0.31260028,0.14311689,0.08234967,0.025225107,0.048752345,0.30281508,0.6175212,0.19706921,0.14898849,0.01569739,0.22933115,0.15797949,0.112546936,0.106522754,0.7001625,11451.47876609133
1135.0,0.5492602,0.67569596,0.5997289,0.58069485,0.012875709,0.31033552,0.1416062,0.0869622,0.029592529,0.051991303,0.29997554,0.608669,0.19453335,0.14579634,0.013920073,0.22674893,0.1564792,0.11212006,0.10558794,0.69510055,11451.60676591048
1136.0,0.5472513,0.6746594,0.59908545,0.5801982,0.013823331,0.3097809,0.14138146,0.08190798,0.021378955,0.048745677,0.29984817,0.608797,0.19440424,0.14628226,0.014449065,0.22716914,0.15388906,0.11247797,0.10585541,0.6970477,11451.734765729629
1137.0,0.5488187,0.67725956,0.600738,0.58008397,0.012403173,0.30939478,0.14093916,0.08373053,0.02740606,0.05089469,0.29955766,0.6076485,0.19381689,0.1464497,0.014008597,0.22694303,0.1570116,0.11188004,0.10592849,0.6957401,11451.862765548778
1138.0,0.5488243,0.67863506,0.6020574,0.58131653,0.015335266,0.30988955,0.14142089,0.083080366,0.0305423,0.050162163,0.3006415,0.61028695,0.19468932,0.14744473,0.015172599,0.22779025,0.1576304,0.11116513,0.106261246,0.69670296,11451.990765367927
1139.0,0.5508829,0.6814165,0.60033387,0.581527,0.011973415,0.30614474,0.14197077,0.08820723,0.02667587,0.05105605,0.30620944,0.6056989,0.19852188,0.14880964,0.016692968,0.22859345,0.15706894,0.11214642,0.10609451,0.70783883,11452.118765187077
1140.0,0.55017763,0.68266577,0.5983918,0.5834128,0.015356488,0.3059693,0.14294837,0.084866114,0.027396442,0.04981673,0.3067677,0.6091519,0.19671053,0.14796248,0.012556658,0.22856,0.15699126,0.11062534,0.1041171,0.72071636,11452.246765006226
1141.0,0.5419607,0.6746816,0.5844932,0.57596207,0.012972731,0.30169606,0.14010622,0.082130745,0.026798503,0.049331333,0.30372134,0.59864205,0.195395,0.14558539,0.015240837,0.22661479,0.15571265,0.10865343,0.103434026,0.72851807,11452.374764825374
1142.0,0.5403302,0.67199665,0.5857432,0.5731046,0.013431592,0.30031928,0.14034747,0.08594163,0.024619212,0.051883165,0.30303735,0.5993095,0.1953097,0.1466547,0.015182045,0.22703817,0.15584566,0.10797376,0.10348798,0.7351163,11452.502764644523
1143.0,0.54005307,0.6709813,0.59025204,0.5742864,0.013850154,0.30252337,0.14011186,0.084660314,0.033751376,0.051538285,0.3026819,0.60032207,0.19451606,0.14609139,0.015355874,0.22695814,0.15347879,0.108033076,0.10397079,0.7357572,11452.630764463673
1144.0,0.54011,0.6745683,0.5800718,0.5731105,0.014043759,0.29188526,0.14184475,0.08338947,0.025773767,0.051469322,0.3261729,0.56990117,0.21154164,0.15262651,0.0129357325,0.21626514,0.16458558,0.11137289,0.1076735,0.6172054,11452.758764282822
1145.0,0.5037773,0.68244606,0.614896,0.44331124,0.012372425,0.32917053,0.14685142,0.086410984,0.030402413,0.048491467,0.28918397,0.598966,0.20411943,0.15396883,0.018547745,0.23664162,0.16300493,0.11101352,0.10787126,0.6565997,11452.886764101971
1146.0,0.51409185,0.6873695,0.6350015,0.46040574,0.013577322,0.32970318,0.144565,0.08469028,0.022172827,0.048045326,0.28514752,0.600353,0.1984746,0.15041916,0.016240906,0.24144226,0.16368783,0.10970746,0.10376967,0.65775347,11453.01476392112
1147.0,0.51193005,0.6764153,0.62507415,0.4672725,0.014551961,0.32926744,0.14111485,0.08395882,0.02353326,0.052710287,0.28479367,0.5972772,0.19574776,0.14907868,0.013297645,0.24082549,0.15763529,0.10886721,0.104069285,0.66623133,11453.14276374027
1148.0,0.51547825,0.67585754,0.63075995,0.47549596,0.012708947,0.3315509,0.14088948,0.086454526,0.023116373,0.051517498,0.2840678,0.599287,0.19428691,0.14853202,0.014528164,0.2407588,0.15996082,0.107937686,0.10440352,0.6739053,11453.27076355942
1149.0,0.5183785,0.6778965,0.63431406,0.480505,0.015008211,0.3327831,0.1402568,0.08528092,0.025108458,0.049914584,0.28338033,0.60160357,0.19395307,0.14823607,0.015907148,0.23959552,0.16073528,0.10835739,0.10521042,0.6811138,11453.39876337857
1150.0,0.5220811,0.6793081,0.64018756,0.48545772,0.015927967,0.33408034,0.1410531,0.08333699,0.02370962,0.0500347,0.28387856,0.6056702,0.19464862,0.14871287,0.014798399,0.23880616,0.1581042,0.10957615,0.10599531,0.6904396,11453.526763197719
1151.0,0.52546155,0.6839972,0.6458761,0.490115,0.01342681,0.33527985,0.14134283,0.08646988,0.026187176,0.051123668,0.28503624,0.6098154,0.19548625,0.1499072,0.017025353,0.23824616,0.16104464,0.10931538,0.106665656,0.6956673,11453.654763016868
1152.0,0.5286588,0.68878996,0.64709014,0.49187714,0.01384802,0.3346331,0.14133297,0.085445456,0.026233062,0.052329767,0.28325614,0.60460633,0.19323358,0.14658304,0.015803495,0.23444544,0.15930367,0.10907774,0.10439024,0.67736894,11453.782762836017
1153.0,0.52216864,0.6763048,0.63658935,0.48938796,0.013600469,0.33244365,0.13956265,0.085314244,0.028851753,0.05060591,0.2825384,0.6011229,0.19223318,0.14584915,0.014106903,0.23300281,0.15831478,0.108279124,0.10503216,0.6765307,11453.910762655167
1154.0,0.52419645,0.6785205,0.639667,0.49160188,0.016194586,0.33241504,0.14001986,0.083016,0.023368489,0.049424533,0.2823419,0.60151374,0.1920891,0.14578108,0.012950635,0.2320887,0.15827021,0.10838431,0.104811825,0.6738773,11454.038762474316
1155.0,0.52454996,0.6796198,0.63974786,0.4924699,0.011055768,0.3322566,0.1393053,0.08334436,0.021051837,0.049751025,0.28264964,0.6035794,0.19220135,0.1462588,0.016178887,0.23196039,0.16030179,0.10832982,0.10550168,0.6748227,11454.166762293466
1156.0,0.52679586,0.67805624,0.6443297,0.49503577,0.013065339,0.33290216,0.13980079,0.085747674,0.026050357,0.05262514,0.28343415,0.60627306,0.19295749,0.14719632,0.01633965,0.23217066,0.15847433,0.10831717,0.10627149,0.6777472,11454.294762112615
1157.0,0.5292499,0.6843005,0.6494568,0.49785045,0.013013996,0.33409443,0.14048654,0.08616839,0.026594304,0.05159382,0.28442127,0.6104079,0.19365561,0.14823034,0.015014894,0.23282532,0.16194747,0.10936767,0.10685871,0.6811834,11454.422761931764
1158.0,0.53199875,0.6898827,0.65240926,0.49911222,0.012435222,0.33407736,0.14044866,0.08483149,0.02535677,0.05003558,0.2832261,0.6071451,0.19231796,0.1460282,0.015233949,0.23058754,0.16081774,0.10817157,0.10483901,0.6683696,11454.550761750914
1159.0,0.52517664,0.6767574,0.64029986,0.49546918,0.014209655,0.33193725,0.13847159,0.08577789,0.0291505,0.05110366,0.28248104,0.60211563,0.19131184,0.14509931,0.013336182,0.22968093,0.16098662,0.10848397,0.10520506,0.6708697,11454.678761570063
1160.0,0.5268205,0.6777235,0.6432714,0.4971518,0.016225137,0.33212554,0.1395932,0.088306226,0.024630383,0.05116861,0.28262007,0.6030605,0.19142279,0.14578757,0.01624959,0.22956978,0.16129914,0.1081,0.10509464,0.67113346,11454.806761389213
1161.0,0.5270198,0.6816524,0.642856,0.4974658,0.011622806,0.3318661,0.13908468,0.085952386,0.02849988,0.05037431,0.28332296,0.60411036,0.19173676,0.14609337,0.016056968,0.23004465,0.1564737,0.10819808,0.10549161,0.6729034,11454.934761208362
1162.0,0.5294882,0.68301576,0.64628494,0.49922565,0.014139879,0.332413,0.14011553,0.08280608,0.022970408,0.049814172,0.2841962,0.6070238,0.19257641,0.14670712,0.014993892,0.23084229,0.16040714,0.10871629,0.10611538,0.6767953,11455.062761027511
1163.0,0.5310549,0.68615544,0.64983714,0.5015555,0.015484526,0.33340317,0.1409287,0.08590847,0.028072784,0.053143367,0.28543758,0.6110838,0.19370185,0.14771827,0.016959885,0.23188373,0.1607667,0.10914167,0.10643877,0.677728,11455.19076084666
1164.0,0.53280514,0.6892514,0.64702845,0.50044256,0.013512959,0.33261248,0.13990718,0.086308956,0.030677173,0.053079918,0.28344896,0.6043931,0.19152892,0.14440937,0.0128084,0.22925529,0.16188806,0.107960016,0.10433003,0.66617274,11455.31876066581
1165.0,0.5260997,0.6766705,0.63880026,0.49775475,0.013333279,0.33098873,0.13864115,0.08687244,0.022979442,0.052118722,0.28305414,0.60121685,0.19103934,0.14486003,0.014263462,0.22907826,0.16077282,0.10821843,0.10481227,0.6682799,11455.44676048496
1166.0,0.5274873,0.6821337,0.6408723,0.49865228,0.0149975745,0.33089966,0.13914369,0.08637976,0.0259945,0.049627557,0.28312802,0.6023465,0.19101368,0.14491396,0.014132549,0.2289293,0.16045973,0.10833035,0.10471422,0.66798156,11455.574760304109
1167.0,0.52744997,0.6823547,0.64085877,0.49912414,0.012600039,0.33090502,0.1391391,0.08505648,0.027584033,0.05247096,0.28374633,0.603772,0.1917033,0.14613996,0.016532008,0.22959845,0.15896995,0.10859372,0.105338104,0.6701032,11455.702760123258
1168.0,0.5302697,0.68259215,0.6445855,0.5010142,0.015477067,0.3315738,0.13988726,0.08576508,0.024696529,0.05194322,0.28466964,0.60775775,0.19254999,0.14711347,0.014342822,0.23060158,0.16208257,0.10963682,0.10606805,0.6731689,11455.830759942408
1169.0,0.5330329,0.687607,0.64869153,0.5034513,0.014487289,0.33281112,0.14048865,0.08567358,0.025970433,0.0517948,0.28586358,0.6116328,0.19358942,0.14766367,0.014153122,0.23144118,0.16136588,0.109276526,0.10575678,0.6705562,11455.958759761557
1170.0,0.5313161,0.68686944,0.6410046,0.5003327,0.010553456,0.33095622,0.13919969,0.0849724,0.02125142,0.051003262,0.28317833,0.60267025,0.19089596,0.1441764,0.014963688,0.22864278,0.16134106,0.108032614,0.10402931,0.6618363,11456.086759580707
1171.0,0.52649176,0.6785169,0.63694423,0.49875236,0.011561048,0.3295818,0.13860692,0.08610669,0.023536252,0.052471634,0.2831493,0.6015899,0.19093,0.14458328,0.0128975455,0.22868833,0.16325213,0.10877049,0.104476124,0.66359127,11456.214759399856
1172.0,0.52742606,0.680631,0.6384538,0.49914786,0.014766484,0.3293715,0.13866933,0.085773475,0.02340332,0.05285943,0.2828268,0.6012684,0.1906448,0.14467277,0.01319655,0.22839075,0.16002223,0.108359694,0.104550764,0.6643628,11456.342759219006
1173.0,0.5281649,0.6798261,0.6392071,0.49996868,0.013910468,0.3293299,0.13949622,0.08692184,0.030849302,0.05184846,0.28354773,0.6039804,0.19125722,0.14571472,0.015856545,0.22907011,0.16304316,0.108414866,0.1051192,0.6666199,11456.470759038155
1174.0,0.5297891,0.68251455,0.643032,0.5018642,0.014951127,0.33013457,0.1395999,0.08522117,0.024160033,0.053358823,0.28447843,0.60787666,0.19212708,0.14621083,0.01398066,0.22998676,0.16275081,0.10946247,0.105897665,0.67105746,11456.598758857304
1175.0,0.5322342,0.68577605,0.647823,0.50425273,0.016301665,0.3312762,0.14045544,0.0837675,0.022020236,0.05130123,0.28583068,0.6114526,0.19326113,0.14800797,0.014174163,0.23101854,0.16339922,0.11007529,0.10635075,0.674562,11456.726758676454
1176.0,0.53456783,0.69273156,0.6495964,0.5048935,0.013591375,0.33116844,0.14041588,0.085690714,0.026705,0.05094477,0.2841919,0.6075473,0.19168128,0.14506583,0.015304596,0.22874965,0.16428399,0.10877768,0.104026794,0.66105,11456.854758495603
1177.0,0.52601653,0.6780449,0.6359769,0.5002564,0.013497285,0.32850814,0.13838206,0.08285012,0.021542387,0.050163493,0.28306738,0.60139185,0.19043614,0.14412206,0.01577947,0.22784133,0.16445729,0.10895648,0.104369745,0.6630277,11456.982758314753
1178.0,0.5273718,0.68084145,0.63790154,0.5011702,0.014764867,0.32826835,0.13863225,0.08580447,0.029134413,0.05187815,0.28296968,0.602675,0.19066206,0.14455195,0.013588526,0.22771522,0.16062576,0.10902625,0.10427252,0.6625809,11457.110758133902
1179.0,0.5269639,0.6803893,0.6372882,0.5012566,0.012351936,0.32784814,0.1388008,0.08449148,0.026503073,0.04953072,0.2832621,0.6036049,0.19077067,0.14532866,0.016132858,0.22815458,0.16400082,0.10955988,0.104793005,0.66502434,11457.238757953051
1180.0,0.5285767,0.68091375,0.6405764,0.50308794,0.0133653525,0.32858202,0.1390017,0.08505874,0.026168685,0.05216155,0.28429744,0.6071218,0.1916813,0.14628534,0.015869888,0.22892097,0.1627218,0.109504476,0.10552186,0.66900426,11457.3667577722
1181.0,0.53064096,0.68202496,0.6456389,0.5055057,0.013091092,0.32955125,0.13961463,0.085632086,0.02690176,0.053546764,0.28548163,0.61103773,0.19270793,0.14781787,0.016150955,0.229912,0.16407119,0.11032393,0.1061889,0.6725089,11457.49475759135
1182.0,0.53387016,0.6887973,0.650161,0.5078022,0.013059961,0.33082157,0.14094606,0.08676981,0.025630724,0.054195415,0.2862905,0.613545,0.19349474,0.14851306,0.013118067,0.23043545,0.16503744,0.10938819,0.10516959,0.66535026,11457.6227574105
1183.0,0.5303282,0.6859897,0.63961434,0.5039525,0.011362508,0.32853702,0.13844468,0.08611777,0.023118636,0.053313453,0.28404304,0.604,0.19099401,0.14470716,0.016103776,0.22795492,0.16384557,0.1093788,0.10448745,0.6616447,11457.750757229649
1184.0,0.5283597,0.68087125,0.6395082,0.50451136,0.01567597,0.3284232,0.13875423,0.0861565,0.027900161,0.052730616,0.28451473,0.60636383,0.19146067,0.14575744,0.010770776,0.22840564,0.1611468,0.109121874,0.10480526,0.66444993,11457.878757048798
1185.0,0.53011745,0.68548226,0.64145344,0.50490296,0.012544788,0.32805896,0.13892584,0.08106766,0.0208294,0.048269346,0.28443104,0.6056653,0.19107315,0.14611727,0.018323729,0.22830974,0.16384143,0.10910647,0.10506235,0.6650579,11458.006756867948
1186.0,0.5307266,0.6834343,0.64339584,0.5064325,0.012592527,0.3285697,0.1393071,0.086745955,0.025766348,0.05367735,0.28538144,0.60860807,0.19212358,0.14721115,0.015671115,0.22919612,0.16245955,0.110097915,0.10564388,0.6679178,11458.134756687097
1187.0,0.53309727,0.6837307,0.6475478,0.5085774,0.014197939,0.32962865,0.1398172,0.084571585,0.02315457,0.05168922,0.286656,0.6127123,0.19304967,0.14830616,0.015793724,0.23021959,0.16379088,0.110471986,0.106343605,0.6714976,11458.262756506247
1188.0,0.5357672,0.6909511,0.6526104,0.5114187,0.011444022,0.3309949,0.14036778,0.086574025,0.025852732,0.052924372,0.2878721,0.61607236,0.19401513,0.14986905,0.014268059,0.23095089,0.1665534,0.110514626,0.10594319,0.6696509,11458.390756325396
1189.0,0.5344885,0.6912831,0.6448258,0.50881165,0.013133807,0.32943326,0.13950755,0.084031396,0.024113752,0.053784993,0.28587216,0.60842615,0.19177368,0.1464609,0.013251275,0.22840829,0.16485184,0.10978489,0.104841635,0.66298926,11458.518756144545
1190.0,0.53065956,0.6835176,0.6421599,0.50835526,0.0141973095,0.32888398,0.1388125,0.088144116,0.025622163,0.05210118,0.28636572,0.60938436,0.19209042,0.14767908,0.016563427,0.22888668,0.16230516,0.11013664,0.105332874,0.66663945,11458.646755963695
1191.0,0.53311974,0.68698186,0.64558613,0.50942385,0.012838043,0.328976,0.13998446,0.08730318,0.024322018,0.052537173,0.28651425,0.6098169,0.1922408,0.1473999,0.01781351,0.22865495,0.1624177,0.10972066,0.105349906,0.6667854,11458.774755782844
1192.0,0.5339685,0.68843895,0.64635545,0.5102493,0.015124696,0.32963163,0.13963003,0.08584825,0.028821796,0.052337054,0.28753337,0.6129398,0.19319183,0.1483713,0.013432572,0.22971232,0.16253588,0.11075625,0.10604969,0.6705428,11458.902755601994
1193.0,0.5360632,0.69157696,0.6502999,0.51249397,0.01162174,0.3308259,0.14000191,0.08695727,0.025608325,0.054158248,0.28868952,0.61619765,0.19421747,0.14998499,0.016865222,0.23062545,0.16656649,0.1109277,0.1066476,0.67429835,11459.030755421143
1194.0,0.5392528,0.6960156,0.6549007,0.5151223,0.013418807,0.33232036,0.1412852,0.08393681,0.027717547,0.050394356,0.2899115,0.6197753,0.19513081,0.15092257,0.01315275,0.2315563,0.16767877,0.11113266,0.10618201,0.6705043,11459.158755240293
1195.0,0.53683907,0.69527036,0.64658034,0.5114471,0.012715559,0.33045727,0.13983193,0.08834605,0.027548065,0.05498443,0.28750902,0.6101797,0.19271462,0.14674269,0.014265443,0.22889577,0.16542086,0.109717,0.10470506,0.66413164,11459.286755059442
1196.0,0.5335997,0.6878872,0.64399725,0.51094365,0.013596209,0.32969096,0.13838157,0.086806126,0.026180688,0.052620307,0.28780302,0.6098837,0.19258282,0.14769195,0.014182695,0.2290015,0.16425177,0.11091464,0.10522936,0.6666637,11459.414754878591
1197.0,0.5346157,0.6896137,0.64590627,0.5120045,0.012968116,0.32975146,0.13925134,0.085780494,0.022933716,0.052744996,0.28784072,0.6100729,0.19266713,0.14824079,0.014965837,0.22878106,0.16436444,0.11039397,0.10528156,0.66775894,11459.54275469774
1198.0,0.53556216,0.6880535,0.6469027,0.5133641,0.01038976,0.33005637,0.13918409,0.0871766,0.0247149,0.053782254,0.28870752,0.61380804,0.19328779,0.14877965,0.015543883,0.22947322,0.16604865,0.11102864,0.1059688,0.671454,11459.67075451689
1199.0,0.5379251,0.69371784,0.65136623,0.51518404,0.012546344,0.3312999,0.14006793,0.08723705,0.028288633,0.054270554,0.28965786,0.6169031,0.19478013,0.15037899,0.017688815,0.23078823,0.16745108,0.11115552,0.106639974,0.6746918,11459.79875433604
1200.0,0.5399658,0.6949995,0.65585107,0.51697063,0.015016823,0.3326838,0.140915,0.08766696,0.027770998,0.05444807,0.29003358,0.61814773,0.19504693,0.14956437,0.013431577,0.23090039,0.16936935,0.11134619,0.10529113,0.6664488,11459.926754155189
1201.0,0.5352782,0.6883341,0.64371866,0.51238596,0.012792405,0.32998583,0.13843125,0.08525536,0.027147412,0.054032248,0.28780118,0.6084477,0.19267502,0.14646234,0.017710093,0.22861561,0.16402961,0.11009949,0.10466644,0.66452694,11460.054753974338
1202.0,0.53417665,0.68263686,0.6441172,0.5131744,0.015783919,0.32992014,0.13876092,0.08356819,0.021816183,0.053588945,0.288168,0.60945725,0.19314118,0.14717719,0.015799971,0.22901009,0.16481884,0.11140125,0.10505636,0.66706455,11460.182753793488
1203.0,0.5354721,0.6834632,0.6448828,0.513369,0.014262404,0.32965916,0.13859169,0.08532037,0.022863002,0.052606948,0.28813657,0.61033976,0.19324623,0.14716461,0.01379246,0.22896492,0.16529433,0.11088643,0.10535276,0.66961384,11460.310753612637
1204.0,0.5360569,0.68292177,0.6468295,0.51537126,0.013424304,0.3303527,0.13949661,0.08508298,0.026821274,0.051323403,0.2892669,0.6131944,0.1942389,0.14840882,0.016408954,0.22982058,0.16453192,0.111067735,0.106058285,0.6749156,11460.438753431787
1205.0,0.53938895,0.6889993,0.65086997,0.5177757,0.014678697,0.3314037,0.14012448,0.08543625,0.024436774,0.05136391,0.29031375,0.6158947,0.195015,0.14971024,0.012306301,0.2306106,0.16629007,0.11191117,0.10682963,0.67803943,11460.566753250936
1206.0,0.5415991,0.69286215,0.65631694,0.52008414,0.013928722,0.33245093,0.14027864,0.0849437,0.028701907,0.053767793,0.29020962,0.6169964,0.19469179,0.14908633,0.01582765,0.22997464,0.16585092,0.11108563,0.10516681,0.666899,11460.694753070085
1207.0,0.5353229,0.681428,0.64361227,0.51517135,0.012653383,0.32982877,0.13838084,0.08510246,0.026735382,0.053007636,0.28869078,0.60905397,0.19325344,0.14683495,0.015466362,0.22854257,0.16637786,0.11077937,0.10521178,0.6687278,11460.822752889235
1208.0,0.536231,0.68191755,0.645229,0.5164206,0.012923256,0.33013687,0.13889138,0.08480109,0.021873808,0.0503659,0.28904194,0.6105381,0.19344725,0.1478401,0.014911647,0.2286608,0.16409813,0.110687315,0.105304725,0.6690025,11460.950752708384
1209.0,0.5371819,0.68364805,0.64586663,0.5163963,0.013960158,0.3296875,0.1380743,0.08586976,0.028468095,0.05332105,0.28910494,0.6092058,0.19319694,0.14724092,0.015044047,0.22876295,0.16237105,0.11094687,0.10557324,0.6701109,11461.078752527534
1210.0,0.5377626,0.6858712,0.6488094,0.5176365,0.013866825,0.3303056,0.13852426,0.08459267,0.026439397,0.05280234,0.28978798,0.6110336,0.19401726,0.14756617,0.014306437,0.22941254,0.16234802,0.110839225,0.10622441,0.67471707,11461.206752346683
1211.0,0.5401895,0.68792677,0.652155,0.5194229,0.012651768,0.33119577,0.1387344,0.085224174,0.023969362,0.05350052,0.2909217,0.615311,0.19502099,0.14887434,0.01815234,0.23043224,0.16479068,0.11203526,0.10634886,0.67861575,11461.334752165832
1212.0,0.54018456,0.68979365,0.650086,0.5185974,0.011614169,0.3307351,0.13841939,0.08657998,0.02426706,0.053618863,0.28922853,0.60780144,0.19292374,0.1454258,0.0162871,0.22811487,0.16272217,0.110104635,0.10455834,0.66708195,11461.462751984982
1213.0,0.5345693,0.6782799,0.6436639,0.5173486,0.014534459,0.32929835,0.13724154,0.08370024,0.02485121,0.050500885,0.28985062,0.6066891,0.19282185,0.14594612,0.014047214,0.22773975,0.1628435,0.110033855,0.10511375,0.69021076,11461.590751804131
1214.0,0.53886306,0.6786984,0.64407915,0.5206247,0.011800199,0.32999092,0.13715906,0.08405907,0.024791967,0.051809587,0.29070956,0.607413,0.19360444,0.14551942,0.014785257,0.22748175,0.1624828,0.10959817,0.1051535,0.69805574,11461.71875162328
1215.0,0.5407935,0.6822836,0.6432328,0.5226715,0.01516388,0.3304113,0.13717155,0.084321946,0.025151296,0.052282285,0.29240602,0.60980994,0.19465518,0.14652179,0.015060906,0.22809178,0.16290674,0.10973726,0.105374776,0.70481694,11461.84675144243
1216.0,0.5446763,0.68015516,0.6469775,0.52485585,0.01429663,0.3315126,0.13770449,0.083023,0.0197045,0.048807424,0.29395238,0.6130661,0.19610944,0.1476582,0.015236048,0.22883263,0.15854149,0.11006829,0.106016666,0.71187854,11461.97475126158
1217.0,0.547375,0.6856798,0.6494435,0.5274992,0.012895877,0.33291188,0.13853565,0.0845097,0.02573432,0.051193643,0.29439196,0.61578447,0.19654663,0.14659409,0.014999602,0.2283372,0.1616566,0.110060625,0.10441916,0.7059997,11462.102751080729
1218.0,0.54205304,0.67469436,0.6373211,0.5229184,0.012577165,0.33062065,0.13610823,0.08307643,0.025003484,0.051027104,0.2928081,0.6072197,0.19513799,0.14399172,0.014073433,0.22627793,0.15918073,0.11026429,0.104242764,0.7087391,11462.230750899878
1219.0,0.5418692,0.67130536,0.6375431,0.52410924,0.012301837,0.33060196,0.13569392,0.081007816,0.024334967,0.05066704,0.293197,0.60791063,0.19530544,0.14466411,0.013877213,0.2265683,0.1603567,0.110296585,0.10434562,0.71288645,11462.358750719028
1220.0,0.54329795,0.67212206,0.63864493,0.5243221,0.014091591,0.33026063,0.13561979,0.08503835,0.02857666,0.050778005,0.29328826,0.60778964,0.1954392,0.14470333,0.016151808,0.22648595,0.16028616,0.10998768,0.104771756,0.7152537,11462.486750538177
1221.0,0.54507786,0.6743856,0.6409512,0.52580065,0.009194568,0.3309064,0.13591766,0.0811153,0.018790836,0.04919733,0.29411927,0.61010057,0.19617997,0.14555028,0.014588108,0.22724743,0.15888427,0.109913394,0.10531357,0.7205583,11462.614750357327
1222.0,0.54839236,0.67735904,0.6448538,0.5280083,0.015060289,0.3321547,0.13693555,0.08290257,0.021777233,0.050556473,0.29495466,0.61281073,0.1969163,0.14627217,0.014398304,0.2279568,0.16233222,0.11130751,0.105284505,0.72047067,11462.742750176476
1223.0,0.5478127,0.67568266,0.638842,0.5255727,0.014828065,0.33063766,0.1355487,0.081565805,0.024528978,0.049793113,0.2925762,0.6041109,0.19468138,0.14232282,0.011447173,0.22551607,0.15813853,0.10955935,0.10386569,0.7124966,11462.870749995625
1224.0,0.5426103,0.66589177,0.6353643,0.52396876,0.00999138,0.32953918,0.13375974,0.07873722,0.022130562,0.05007236,0.29240516,0.60267097,0.19431049,0.14277127,0.013948402,0.2254299,0.1609642,0.10989617,0.10423863,0.7149195,11462.998749814775
1225.0,0.54446,0.6654339,0.63725656,0.5250397,0.012805127,0.32948554,0.13479723,0.08206075,0.02770404,0.052206006,0.2922262,0.6018358,0.19451725,0.14258137,0.01478795,0.22538896,0.15651791,0.10995037,0.10428483,0.7158005,11463.126749633924
1226.0,0.5449707,0.667918,0.6385635,0.5261042,0.0127726365,0.32979396,0.13453732,0.08166181,0.027237384,0.05015617,0.2930659,0.6037635,0.19525504,0.14351895,0.015836075,0.22609621,0.1586893,0.10996698,0.10494449,0.71906936,11463.254749453074
1227.0,0.54818505,0.6734284,0.6424592,0.52822775,0.014421227,0.33101556,0.13515925,0.08209149,0.02088685,0.05041466,0.29389262,0.6065413,0.19612063,0.144303,0.013507665,0.22698739,0.1597792,0.11079525,0.10562025,0.72355044,11463.382749272223
1228.0,0.55017215,0.6738818,0.6467168,0.5304784,0.013189084,0.33225712,0.13619363,0.0831264,0.02740556,0.04917384,0.2942888,0.6085324,0.19644843,0.14423214,0.015556964,0.22726394,0.16074465,0.11034174,0.10454253,0.7215108,11463.510749091372
1229.0,0.5448938,0.6691393,0.6391821,0.5261966,0.011862204,0.32963732,0.13409181,0.082011,0.021333316,0.050598927,0.29140446,0.59729993,0.19368905,0.14073403,0.015095411,0.22484618,0.16138905,0.10953174,0.103908315,0.72403204,11463.638748910522
1230.0,0.54293597,0.66668075,0.63998276,0.5261259,0.012702879,0.3291201,0.13346833,0.08319524,0.02347988,0.050528232,0.29110304,0.5960965,0.19356371,0.14121737,0.015319479,0.22535315,0.15914714,0.10865275,0.10413657,0.7331804,11463.766748729671
1231.0,0.54247,0.6662802,0.640954,0.5255796,0.013108546,0.32868534,0.13328172,0.08209646,0.023250027,0.05044155,0.29034084,0.5941124,0.19291128,0.14057031,0.013848446,0.22495407,0.16155581,0.10853907,0.10450422,0.7230711,11463.89474854882
1232.0,0.5433874,0.67099005,0.6433369,0.52665913,0.011343154,0.32891193,0.13348907,0.080007404,0.022100938,0.049195103,0.29066715,0.59528786,0.19322298,0.1413811,0.0130462395,0.22563939,0.15754849,0.10794971,0.10494447,0.71880716,11464.02274836797
1233.0,0.54418445,0.67090636,0.64711523,0.5282295,0.012783236,0.32973215,0.13411427,0.08361177,0.024670966,0.05023901,0.29105705,0.5977296,0.19356795,0.14146304,0.0131656015,0.22635022,0.16265915,0.10833411,0.105637334,0.71659106,11464.15074818712
1234.0,0.5455076,0.674827,0.65026236,0.52982175,0.010589859,0.3308375,0.1346894,0.08335932,0.024054652,0.04831393,0.29115084,0.5986636,0.19383302,0.14193796,0.01582376,0.22663967,0.16084464,0.10780407,0.104371026,0.70694065,11464.278748006269
1235.0,0.5403988,0.67153776,0.6403146,0.524998,0.0124849295,0.32829764,0.13303581,0.08164995,0.022501547,0.04788257,0.28836796,0.5865112,0.19120896,0.13803308,0.014355144,0.22414766,0.16029158,0.10767146,0.10371675,0.6907752,11464.406747825418
1236.0,0.53766835,0.66723925,0.63927823,0.52456826,0.011436025,0.32784483,0.13251176,0.083055094,0.02763621,0.051829036,0.28798315,0.585833,0.19100924,0.13854583,0.015764816,0.22457218,0.16181166,0.1073267,0.104031526,0.6846113,11464.534747644568
1237.0,0.53725684,0.6676837,0.6400658,0.52400714,0.012654759,0.32731894,0.13248935,0.084171444,0.023160953,0.050644737,0.28755838,0.58448166,0.19079709,0.13824017,0.013302827,0.22466514,0.15989469,0.107297786,0.10432657,0.6820732,11464.662747463717
1238.0,0.5373592,0.6691449,0.64042944,0.5249486,0.01278503,0.3276797,0.1333485,0.08462927,0.02224878,0.051007047,0.2881372,0.58733195,0.19158371,0.13909258,0.015686102,0.22576943,0.16287579,0.107361466,0.10495624,0.6819074,11464.790747282867
1239.0,0.538116,0.6741203,0.6429675,0.52683914,0.013172643,0.32866827,0.13390155,0.080888405,0.027414337,0.049744293,0.2890139,0.59072566,0.19237247,0.1405852,0.014970648,0.22658013,0.16173963,0.10830527,0.10556394,0.6835274,11464.918747102014
1240.0,0.5394304,0.67530125,0.6464699,0.52891994,0.012434574,0.3297953,0.13475566,0.082733676,0.025175933,0.052407507,0.29008806,0.59454334,0.19324249,0.14146256,0.015345674,0.22755311,0.16259387,0.108431794,0.10559938,0.6806191,11465.046746921164
1241.0,0.54001045,0.68201876,0.64289165,0.52682966,0.010973092,0.32855612,0.1334974,0.083580464,0.025357286,0.050221294,0.28763664,0.5836142,0.19075865,0.1376094,0.01336127,0.22482362,0.16003808,0.10666192,0.10364048,0.6653746,11465.174746740313
1242.0,0.531937,0.6696366,0.6354909,0.5240284,0.0137902275,0.32685804,0.13246904,0.086132415,0.02418425,0.052099805,0.28694674,0.58138895,0.1902792,0.13762513,0.014894667,0.2246539,0.16373545,0.10675125,0.10409828,0.664781,11465.302746559462
1243.0,0.5324692,0.6730586,0.63699025,0.5245373,0.011048504,0.3267824,0.13192989,0.080977544,0.024799282,0.05165261,0.28663987,0.5817974,0.19004358,0.13732906,0.013323065,0.22441612,0.16221006,0.10621913,0.10413866,0.6615867,11465.430746378612
1244.0,0.53137505,0.67247725,0.63581645,0.5251873,0.011411922,0.32695034,0.13265616,0.08536278,0.021226222,0.052031737,0.2873744,0.58542645,0.19082548,0.13873279,0.013434679,0.22499591,0.16388354,0.10756285,0.10480017,0.6632444,11465.558746197761
1245.0,0.53208655,0.67594343,0.6388237,0.5270962,0.01261552,0.3279746,0.13414085,0.08313186,0.022630677,0.05029749,0.28857476,0.58982545,0.19180861,0.14038059,0.015633576,0.2259882,0.16504005,0.10787986,0.10551589,0.6657712,11465.68674601691
1246.0,0.53386915,0.6808271,0.6426622,0.52935344,0.012949178,0.32913992,0.13434789,0.08468815,0.024971172,0.0511544,0.28964123,0.59355545,0.19266482,0.14158183,0.016190877,0.2268402,0.16596764,0.10770448,0.106126614,0.6680304,11465.81474583606
1247.0,0.5360441,0.6844612,0.64574075,0.53144056,0.012951798,0.33055738,0.1358777,0.08369075,0.023674067,0.0522633,0.29082558,0.5987827,0.19366841,0.14212358,0.015526443,0.22763562,0.16476898,0.10765137,0.10561993,0.661236,11465.94274565521
1248.0,0.53501123,0.68606216,0.63908696,0.52761537,0.014623651,0.32878393,0.13459568,0.08379637,0.017892513,0.052128427,0.2881333,0.5866093,0.1910334,0.13809037,0.014927761,0.22482972,0.16583022,0.10675845,0.10420785,0.65084434,11466.070745474359
1249.0,0.52984434,0.6791532,0.6349754,0.5263834,0.0123712765,0.32789323,0.13393371,0.08484918,0.025303764,0.053270712,0.28826824,0.58864045,0.19089338,0.13920186,0.015708402,0.2249922,0.16546704,0.107199356,0.10473667,0.6509872,11466.198745293508
1250.0,0.53074473,0.6813946,0.6369129,0.5265519,0.011655273,0.32762095,0.13370922,0.08453583,0.024398917,0.053658724,0.28792098,0.5877034,0.19083774,0.13945949,0.013916517,0.22475365,0.16857539,0.10727804,0.10480578,0.6492463,11466.326745112658
1251.0,0.5298477,0.68285173,0.6367073,0.5272194,0.013627402,0.32800022,0.13516124,0.08367868,0.02409709,0.052665506,0.28874916,0.5925992,0.19158776,0.1407697,0.015772818,0.22552268,0.16542627,0.10715013,0.10552022,0.64988714,11466.454744931807
1252.0,0.5315361,0.6868571,0.6401424,0.52928334,0.012757728,0.32891104,0.13524246,0.08381076,0.018398775,0.049051333,0.28990975,0.5962557,0.19252194,0.14240274,0.015904274,0.22635284,0.16594943,0.10746926,0.10625319,0.6534819,11466.582744750956
1253.0,0.53351563,0.693034,0.64385617,0.5312786,0.015643695,0.33023927,0.13658676,0.08673685,0.02433761,0.05185849,0.29112288,0.6012209,0.19356908,0.14342825,0.012615475,0.22737151,0.1688117,0.108683236,0.106773295,0.6548413,11466.710744570106
1254.0,0.5360614,0.696623,0.6472158,0.5319402,0.013667397,0.33026388,0.1367934,0.08806374,0.020695265,0.05302527,0.28994092,0.5970325,0.19215932,0.14075136,0.015504929,0.22534207,0.16606896,0.107179336,0.104803465,0.64039147,11466.838744389255
1255.0,0.5301579,0.6877533,0.6350438,0.5276477,0.0132099865,0.328175,0.13478915,0.08645421,0.029818289,0.054033745,0.2891788,0.5931387,0.19163631,0.14085266,0.015877241,0.2248887,0.1649307,0.10797422,0.1054579,0.6416116,11466.966744208405
1256.0,0.5302679,0.69107103,0.6376173,0.52884275,0.012420629,0.328532,0.13545077,0.08758227,0.02566728,0.05630667,0.2892904,0.59617615,0.19193009,0.14142057,0.012054712,0.22501306,0.16472475,0.10728544,0.10544523,0.6402442,11467.094744027554
1257.0,0.5315018,0.6933574,0.6376106,0.5288653,0.014500338,0.32851234,0.13596721,0.086406305,0.024668606,0.052680418,0.28974134,0.59772635,0.19254497,0.14238612,0.015280042,0.22564891,0.16797695,0.10815841,0.105872475,0.6420044,11467.222743846703
1258.0,0.53194475,0.69472724,0.6400339,0.53067684,0.015059647,0.3294434,0.13709247,0.08887785,0.022286016,0.05694935,0.29104733,0.60283566,0.19363967,0.14431363,0.014254292,0.22674529,0.16885793,0.108683415,0.10665001,0.6440869,11467.350743665853
1259.0,0.5353061,0.6986368,0.6447571,0.5332469,0.012012201,0.3309083,0.13751951,0.087756164,0.024010696,0.056494486,0.29253343,0.6082232,0.19485275,0.14612901,0.014869192,0.22799224,0.1682936,0.10874908,0.10721876,0.6478117,11467.478743485002
1260.0,0.53811115,0.7050125,0.6482932,0.5331758,0.0125737395,0.3308306,0.13767369,0.08930501,0.024144806,0.05453576,0.29118866,0.6032601,0.19334438,0.14300528,0.01763715,0.22566527,0.16866799,0.1079663,0.10500315,0.63161623,11467.606743304152
1261.0,0.53191483,0.7000713,0.63604146,0.52918744,0.013243198,0.32871994,0.13575232,0.08705798,0.02189134,0.053865198,0.2904591,0.5992281,0.19249378,0.14286496,0.016933022,0.2252679,0.16636264,0.107478686,0.10551857,0.6335889,11467.734743123301
1262.0,0.53312004,0.6975964,0.63878596,0.5305398,0.014248339,0.32898468,0.13640156,0.08704992,0.024837721,0.05392418,0.29055506,0.6012471,0.19272602,0.14373003,0.012051495,0.22535771,0.16514303,0.10752886,0.10556485,0.6331726,11467.86274294245
1263.0,0.53398114,0.7007175,0.6396734,0.5308763,0.014300959,0.32913977,0.1368132,0.08856872,0.02501193,0.056602027,0.29121652,0.60366577,0.19342585,0.14444914,0.015423126,0.22603256,0.16816625,0.1090453,0.106117,0.6351758,11467.9907427616
1264.0,0.53528893,0.7027721,0.64245874,0.53298324,0.013168012,0.33030078,0.13726345,0.09017436,0.028345158,0.055528,0.2927988,0.60888934,0.19472098,0.14626221,0.015575518,0.22719528,0.16730809,0.10899785,0.106889166,0.6393015,11468.11874258075
1265.0,0.5392158,0.7102964,0.6475296,0.5361292,0.012450966,0.3319944,0.13895997,0.0886252,0.022170756,0.054024424,0.294893,0.6149963,0.19647238,0.14783546,0.016464556,0.22840826,0.1660684,0.108849436,0.106799684,0.6415738,11468.246742399899
1266.0,0.5408776,0.7088885,0.643828,0.53417224,0.014988453,0.33092737,0.13786826,0.087848164,0.023609413,0.05341667,0.29299715,0.6067355,0.19443057,0.14425634,0.015283411,0.22568966,0.16626815,0.10788562,0.1052825,0.6315931,11468.374742219048
1267.0,0.53621495,0.7021071,0.63917446,0.53342164,0.013930748,0.33046553,0.13731691,0.08780072,0.024945376,0.055048395,0.29371876,0.60879976,0.19467577,0.14526501,0.014343636,0.2261613,0.16630846,0.10738427,0.10606249,0.63663834,11468.502742038198
1268.0,0.5392485,0.7065936,0.644801,0.53503674,0.012828667,0.33118427,0.13772382,0.08771171,0.022019183,0.052671283,0.29410374,0.61048895,0.1948996,0.14583182,0.015561555,0.22624941,0.16721341,0.10748021,0.10621646,0.6401229,11468.630741857347
1269.0,0.54089546,0.709417,0.64525396,0.5365182,0.013829081,0.33200568,0.1384713,0.08933538,0.027246963,0.055839937,0.29540354,0.61432177,0.19567633,0.14760569,0.014916328,0.22697061,0.16364296,0.10808251,0.10682599,0.6495393,11468.758741676496
1270.0,0.54471487,0.71567106,0.6498263,0.5390199,0.015098035,0.33357242,0.13895318,0.089022934,0.024640223,0.055000864,0.296846,0.6191808,0.19671907,0.14897487,0.015095539,0.22817989,0.16710801,0.10842599,0.10765283,0.6570115,11468.886741495646
1271.0,0.54803675,0.7178818,0.6544942,0.5417028,0.013871147,0.33518577,0.14052002,0.08910669,0.023614647,0.054313492,0.29728928,0.62178594,0.19690764,0.1490214,0.015889697,0.22832438,0.16743973,0.10789044,0.10628466,0.6454797,11469.014741314795
1272.0,0.5453444,0.72053176,0.64397943,0.5371645,0.011245324,0.33340964,0.13814285,0.0935473,0.028959468,0.05691451,0.2956958,0.61354405,0.19505966,0.14671849,0.016911907,0.22672755,0.16806327,0.108001694,0.10622753,0.6413171,11469.142741133945
